transaction_id,sale_date,store_id,product_id,quantity,unit_price,discount,total_amount,payment_method,sales_rep
TXN-00990,06/12/2024,S006,P017,3,39.95,0,119.85,APPLE PAY,Amy K.
TXN-01164,03/23/2023,S001, P013 ,-3,44.95,0.25,101.14,Cash,David N.
TXN-00602,04-Oct-2024,,P005,2,34.99,0,69.98,Debit Card,Amy K.
TXN-00061,2024-12-21,S005,P008,1,89.95,N/A,71.96,Apple Pay,James T.
TXN-00214,11-Feb-2024,S005,P011,1,198.0,0,198.0,PayPal,Priya M.
TXN-00828,25-Sep-2024,S005,P017,5,39.95,0.1,179.78,GIFT CARD,Lin W.
TXN-01025,12-Feb-2024,S001,P007,1,64.95,0.05,61.7,gift card,David N.
TXN-00524,2023-07-23,S003,P002,5,59.95,0.25,447.41,Debit Card,Maria S.
TXN-00736,04/28/2024,S001,P005,5,34.99,0.25,131.21,Apple Pay,Priya M.
TXN-00043,19-Feb-2024,S008,P015,1,44.95,0,44.95,Debit Card,Amy K.
TXN-01150,2023-11-06,S006,P015,5,44.95,0,224.75,CREDIT CARD,Priya M.
TXN-00555,03/31/2023,S004,P005,5,34.99,0,174.95,Gift Card,Lin W.
TXN-00004,10/12/2024,S002, P008 ,1,89.95,0.2,71.96,Gift Card,Amy K.
TXN-00988,01/15/2023,S005,P005,3,34.99,0.1,94.47,Gift Card,Lin W.
TXN-00383,01-Dec-2024,S004,P014,3,89.95,0.2,215.88,Credit Card,
TXN-00038,21-Jun-2023,S002,P019,2,79.95,0.25,119.93,Cash,
TXN-00036,09/24/2023,S002,P014,2,89.95,0.25,134.93,Credit Card,Lin W.
TXN-00148,06/23/2024,S002,P017,2,39.95,0.05,75.91,PayPal,Carlos R.
TXN-00373,31-Aug-2024,S005,P007,1,64.95,0,64.95,Credit Card,James T.
TXN-00360,2023-10-29,S006,P003,5,129.0,0,645.0,debit card,Priya M.
TXN-00969,08-Nov-2024,S005,P020,1,59.95,0.25,44.96,PAYPAL,Carlos R.
TXN-00851,07/22/2024,S005, P004 ,1,49.95,0.2,39.96,credit card,Carlos R.
TXN-00742,15-Jan-2023,S001,P011,3,198.0,0,594.0,PayPal,David N.
TXN-00846,2024-12-16,S007,P017,5,39.95,0,199.75,APPLE PAY,David N.
TXN-00381,2024-07-03,S001, P013 ,1,44.95,0.05,42.7,apple pay,Tom B.
TXN-00177,11-Nov-2024,S005,P003,3,129.0,0.1,771.56,Cash,James T.
TXN-01126,10-Jan-2023,S002,P013,3,44.95,0.15,114.62,Credit Card,Carlos R.
TXN-00123,23-Oct-2023,S004,P009,5,74.95,0.1,337.28,Cash,Carlos R.
TXN-01189,19-Aug-2024,S002,P016,3,49.95,,119.88,Debit Card,Maria S.
TXN-00815,2023-08-16,S003,P013,5,44.95,0.05,213.51,Apple Pay,
TXN-00463,2023-03-31,S008, P010 ,5,69.95,0.15,297.29,Cash,Priya M.
TXN-00161,12-Sep-2023,S007,P018,1,85.0,0.15,72.25,Credit Card,James T.
TXN-00013,03/09/2024,S007,P007,1,64.95,0,64.95,Cash,Priya M.
TXN-01009,2024-02-21,S007,P002,5,59.95,0,299.75,Credit Card,Tom B.
TXN-00963,12/25/2024,S007,P011,4,198.0,0,792.0,Apple Pay,David N.
TXN-00560,2024-04-11,S006,P005,3,34.99,0.05,99.72,APPLE PAY,Tom B.
TXN-00460,03/11/2024,S001,P018,1,85.0,0,85.0,PayPal,James T.
TXN-01001,29-Apr-2023,S005,P013,5,44.95,0.25,168.56,PAYPAL,James T.
TXN-01193,2023-09-19,S003,P014,1,89.95,0,89.95,Debit Card,Amy K.
TXN-00679,2023-08-31,S002, P016 ,4,49.95,0.15,169.83,Apple Pay,Carlos R.
TXN-00688,12/18/2023,S008,P004,5,49.95,NA,212.29,debit card,David N.
TXN-00495,25-Sep-2023,S004,P020,5,59.95,0.15,254.79,Apple Pay,
TXN-00369,01-Sep-2023,S003,P020,2,59.95,0.25,89.93,Gift Card,Priya M.
TXN-00467,29-Sep-2024,S002,P009,4,74.95,0.25,224.85,gift card,James T.
TXN-00874,2023-03-19,S004,P009,2,74.95,0.05,142.41,Apple Pay,James T.
TXN-00756,06/04/2023,S007,P003,3,129.0,0.2,309.6,Gift Card,Lin W.
TXN-00654,08/13/2023,S006, P010 ,4,69.95,0,279.8,Debit Card,James T.
TXN-00031,20-Apr-2024,S001,P018,2,85.0,0,170.0,Debit Card,Tom B.
TXN-00862,05/14/2023,S004,P005,4,34.99,0.15,118.97,Debit Card,Tom B.
TXN-00350,2023-02-17,S001,P010,1,69.95,0,69.95,Gift Card,David N.
TXN-00780,11-May-2024,S006,P005,-5,34.99,0.15,148.71,Gift Card,David N.
TXN-01072,07/20/2024,S004,P014,3,89.95,0.25,202.39,Debit Card,Lin W.
TXN-00421,11/21/2024,S004,P003,4,129.0,0.15,438.6,Credit Card,Lin W.
TXN-01121,02/15/2023,S001,P016,3,49.95,0.05,142.36,Apple Pay,Priya M.
TXN-01094,2023-01-03,,P004,2,49.95,0.1,89.91,GIFT CARD,Tom B.
TXN-00236,2023-04-29,S001,P010,3,69.95,0.15,178.37,apple pay,Priya M.
TXN-00751,03-Sep-2024,S007,P019,1,79.95,0,79.95,Cash,Lin W.
TXN-00295,03/07/2023,S002,P007,2,64.95,0.2,103.92,CREDIT CARD,James T.
TXN-00735,2023-06-22,S007,P011,5,198.0,0.1,891.0,debit card,Tom B.
TXN-00935,09/06/2024,S007,P009,2,74.95,0.1,134.91,Gift Card,
TXN-00559,11/24/2023,S001,P010,1,69.95,0.05,66.45,Gift Card,
TXN-00615,2023-10-16,S002,P012,5,119.0,0.15,505.75,DEBIT CARD,Maria S.
TXN-00522,08/19/2023,S003,P010,1,69.95,0.25,89.64,Cash,David N.
TXN-00777,03/31/2024,S008,P008,3,89.95,0.15,229.37,Apple Pay,Amy K.
TXN-00549,2024-12-21,S005,P014,2,89.95,0,179.9,Debit Card,
TXN-01085,01/27/2024,S003,P002,1,59.95,0,59.95,credit card,James T.
TXN-00786,11/03/2023,S003,P011,5,198.0,0.25,742.5,Apple Pay,Amy K.
TXN-00085,2024-10-22,S002,P017,5,39.95,0.05,189.76,CASH,David N.
TXN-00860,22-Apr-2023,S006, P010 ,2,69.95,0.2,111.92,Gift Card,Lin W.
TXN-01105,2023-02-26,S008,P018,2,85.0,0,170.0,Gift Card,James T.
TXN-00215,04/14/2023,S007,P005,2,34.99,0,69.98,PayPal,James T.
TXN-00696,11/06/2024,S007,P002,5,59.95,0.1,269.78,Cash,David N.
TXN-00947,2024-06-02,, P003 ,3,129.0,0.15,328.95,CASH,Carlos R.
TXN-01156,2024-01-18,S002,P005,4,34.99,0,139.96,PAYPAL,Priya M.
TXN-00302,05/25/2024,S001, P016 ,2,49.95,0.15,84.92,Cash,Priya M.
TXN-00189,30-Mar-2023,S007,P003,4,129.0,0.1,464.4,Cash,Amy K.
TXN-00364,08/17/2024,S006,P002,1,59.95,0.25,44.96,CREDIT CARD,David N.
TXN-00630,08-May-2023,S006,P012,1,119.0,0.1,107.1,PayPal,Amy K.
TXN-00633,07/20/2023,S007,P007,2,64.95,0.25,97.43,Credit Card,Priya M.
TXN-00183,12/19/2024,S001,P013,5,44.95,0.1,202.28,Gift Card,Priya M.
TXN-01192,13-Jul-2023,S008,P014,4,89.95,0.05,341.81,paypal,Amy K.
TXN-00595,12-Aug-2023,S005,P007,2,64.95,0,129.9,PayPal,Lin W.
TXN-00287,10/14/2023,S008,P019,3,79.95,0.25,179.89,paypal,Lin W.
TXN-00914,2024-12-04,S003,P002,3,59.95,0.15,152.87,CREDIT CARD,Priya M.
TXN-00330,2023-07-12,S007,P014,3,89.95,0.25,202.39,DEBIT CARD,Amy K.
TXN-00660,01/02/2023,S003,P001,5,19.99,n/a,84.96,paypal,Tom B.
TXN-01016,2023-07-29,S006,P002,3,59.95,0,179.85,Debit Card,Amy K.
TXN-00126,11/25/2023,S003,P014,4,89.95,0.25,269.85,cash,Carlos R.
TXN-00109,05-May-2024,S003, P020 ,1,59.95,0,59.95,Gift Card,Amy K.
TXN-00972,27-May-2024,S005,P006,1,79.95,0.25,59.96,CREDIT CARD,David N.
TXN-00372,11-Jan-2023,,P017,3,39.95,0,119.85,PAYPAL,David N.
TXN-00863,27-Jul-2023,S001,P002,3,59.95,0,179.85,Cash,David N.
TXN-01031,2024-08-01,S006,P019,4,79.95,0.05,303.81,Cash,Lin W.
TXN-00832,2024-01-01,S007,P012,3,119.0,0.05,339.15,PAYPAL,David N.
TXN-01002,2023-09-04,S003,P002,5,59.95,0,299.75,Debit Card,Carlos R.
TXN-00761,07-Feb-2023,S008,P011,3,198.0,0,594.0,cash,James T.
TXN-00893,24-Jul-2023,,P016,1,49.95,0.2,39.96,Credit Card,James T.
TXN-00950,07/19/2023,S004,P002,1,59.95,0.1,86.3,Debit Card,Maria S.
TXN-00064,02/10/2024,,P019,3,79.95,0.1,215.87,Apple Pay,Maria S.
TXN-00976,2023-05-18,S006,P014,1,89.95,0.15,76.46,Credit Card,Tom B.
TXN-01134,09/13/2024,S002,P016,3,49.95,0,149.85,Credit Card,Maria S.
TXN-00023,2024-02-27,S007,P020,2,59.95,0.05,113.91,Debit Card,Lin W.
TXN-00622,2024-11-29,S006, P012 ,1,119.0,0.2,95.2,Cash,Tom B.
TXN-01155,2023-10-14,S008,P006,5,79.95,0,399.75,Apple Pay,David N.
TXN-00257,2023-12-06,S007,P003,2,129.0,0,258.0,APPLE PAY,Tom B.
TXN-00276,2024-06-19,S007,P009,2,74.95,0,149.9,PayPal,Maria S.
TXN-00156,2023-05-30,S003,P005,3,34.99,0.1,94.47,Gift Card,Amy K.
TXN-00670,05/09/2023,S006,P005,5,34.99,0.1,157.46,Gift Card,Maria S.
TXN-01199,07-Dec-2023,S006,P010,3,69.95,0,209.85,paypal,Maria S.
TXN-00164,2023-04-28,S008,P011,1,198.0,0.1,178.2,Apple Pay,Maria S.
TXN-00394,22-May-2023,S008,P019,5,79.95,0,399.75,Gift Card,Tom B.
TXN-00458,30-Jul-2024,S004,P016,4,49.95,0.2,159.84,Cash,
TXN-00323,2024-07-04,S005,P015,4,44.95,0,426.94,Debit Card,David N.
TXN-00882,04/02/2024,S006,P005,3,34.99,0.25,78.73,Credit Card,James T.
TXN-01095,2023-10-10,S007,P018,2,85.0,N/A,170.0,gift card,Tom B.
TXN-00438,21-Aug-2024,S002,P008,5,89.95,0,449.75,Cash,David N.
TXN-00042,12/19/2024,S004,P012,3,119.0,0.15,303.45,PayPal,Amy K.
TXN-00404,26-Apr-2023,S005, P019 ,2,79.95,0.25,119.93,APPLE PAY,David N.
TXN-00649,11/21/2023,S002,P016,1,49.95,0.2,39.96,Cash,Amy K.
TXN-01044,2023-11-27,S005,P010,3,69.95,0,209.85,PayPal,Lin W.
TXN-00098,03-Sep-2024,,P020,4,59.95,0,239.8,Gift Card,James T.
TXN-01000,26-Jun-2023,S006,P015,2,44.95,0.05,85.41,Gift Card,Tom B.
TXN-00799,08/19/2023,S005,P001,5,19.99,0.2,79.96,Credit Card,Maria S.
TXN-00750,02/15/2024,,P009,3,74.95,0.15,191.12,Apple Pay,Tom B.
TXN-00684,2024-09-25,S003,P010,1,69.95,0.05,66.45,Gift Card,
TXN-00662,14-Aug-2023,S008,P004,3,49.95,0,149.85,gift card,Lin W.
TXN-00905,2024-10-02,S008,P018,2,85.0,0,170.0,PayPal,David N.
TXN-01016,2023-07-29,S006,P002,3,59.95,0,179.85,Debit Card,Amy K.
TXN-00223,02-Nov-2024,S002, P011 ,3,198.0,0.15,504.9,Cash,Amy K.
TXN-00432,06-Nov-2023,S008,P014,2,89.95,0.15,152.91,Apple Pay,James T.
TXN-00787,2023-07-03,S008,P001,3,19.99,0.25,44.98,debit card,Tom B.
TXN-00958,2024-09-21,S005,P011,1,198.0,0,198.0,Credit Card,James T.
TXN-00442,2024-03-08,S005,P003,4,129.0,0.25,387.0,Cash,Priya M.
TXN-00896,25-Oct-2024,S004, P019 ,-3,79.95,0.15,203.87,Credit Card,Tom B.
TXN-00167,2024-08-27,S006,P012,4,119.0,0,476.0,PayPal,Amy K.
TXN-00946,31-Jan-2024,S002,P010,3,69.95,0,209.85,GIFT CARD,
TXN-00451,06/18/2023,S007,P010,3,69.95,0.1,188.87,Gift Card,David N.
TXN-00511,2024-01-02,S007,P006,1,79.95,0.15,67.96,CREDIT CARD,Maria S.
TXN-00201,22-Nov-2023,S007,P012,2,119.0,0,238.0,paypal,Carlos R.
TXN-01129,02/23/2024,S006,P015,1,44.95,0.1,40.46,Debit Card,Tom B.
TXN-00046,03/27/2024,S008,P004,1,49.95,0.1,44.96,GIFT CARD,Tom B.
TXN-01078,10-Sep-2024,S005,P019,4,79.95,0,319.8,Gift Card,Lin W.
TXN-00017,03-May-2023,S002,P006,1,79.95,0,79.95,Gift Card,Carlos R.
TXN-00610,2023-08-18,S008,P005,5,34.99,0.2,139.96,DEBIT CARD,Carlos R.
TXN-01051,30-Sep-2024,S001,P018,5,85.0,0.1,382.5,Gift Card,Carlos R.
TXN-01027,09/05/2023,S004,P017,3,39.95,0.1,107.87,CREDIT CARD,Maria S.
TXN-00493,09/27/2024,S007,P018,4,85.0,0,340.0,gift card,Maria S.
TXN-01118,08-Jul-2024,,P017,2,39.95,0.1,71.91,PayPal,Maria S.
TXN-00281,11/16/2024,S001,P006,1,79.95,0.1,71.95,cash,Priya M.
TXN-00138,08/12/2024,S001,P005,5,34.99,0.1,157.46,Apple Pay,Carlos R.
TXN-00436,09/22/2023,S001, P007 ,2,64.95,0.1,116.91,Credit Card,Lin W.
TXN-00028,08/04/2023,S005,P013,5,44.95,0,224.75,Cash,Amy K.
TXN-01191,28-Mar-2023,S008,P002,4,59.95,0.05,227.81,Debit Card,Priya M.
TXN-01153,21-Dec-2023,S005,P012,3,119.0,0,357.0,PayPal,James T.
TXN-00333,08-Aug-2024,S001,P020,4,59.95,N/A,203.83,PayPal,
TXN-00868,03/19/2024,,P002,2,59.95,0.1,107.91,Gift Card,Amy K.
TXN-00142,01-May-2023,S004,P011,3,198.0,0,594.0,Debit Card,Carlos R.
TXN-01122,27-Dec-2024,S007,P007,4,64.95,0.15,220.83,Gift Card,
TXN-00659,2023-03-13,S008, P010 ,2,69.95,NA,139.9,Apple Pay,David N.
TXN-00754,12/01/2023,S002,P013,2,44.95,0.15,76.42,Gift Card,Lin W.
TXN-00534,27-Nov-2023,S003,P006,1,79.95,0.2,63.96,Cash,James T.
TXN-00550,2023-06-20,S004,P009,4,74.95,0.25,224.85,Apple Pay,James T.
TXN-00299,2023-08-25,S008,P010,1,69.95,0.2,55.96,PayPal,Amy K.
TXN-00428,04/10/2023,S006,P012,5,119.0,0,595.0,Gift Card,David N.
TXN-00703,2023-10-03,S002,P017,1,39.95,0.25,29.96,Cash,Tom B.
TXN-00466,28-Aug-2024,S005,P002,4,59.95,0.2,191.84,PayPal,Tom B.
TXN-00408,24-Feb-2024,S006,P003,5,129.0,0.2,516.0,Credit Card,James T.
TXN-00393,13-Jan-2023,S002,P015,4,44.95,0.05,170.81,PayPal,James T.
TXN-00334,10/26/2023,S007,P002,5,59.95,0.2,239.8,Debit Card,
TXN-01130,25-Aug-2024,S008,P011,2,198.0,0.2,316.8,apple pay,David N.
TXN-01066,11/16/2024,S003,P005,4,34.99,0.15,118.97,Apple Pay,David N.
TXN-00530,2023-02-08,S008,P013,3,44.95,0.2,107.88,Gift Card,Carlos R.
TXN-00172,02-Mar-2023,S007,P006,5,79.95,0,399.75,Debit Card,Carlos R.
TXN-00837,04/07/2023,S003,P001,4,19.99,0,79.96,Credit Card,David N.
TXN-00471,2024-04-13,S005,P005,5,34.99,0,174.95,Gift Card,Maria S.
TXN-00112,18-Oct-2024,S006,P019,1,79.95,0,79.95,Credit Card,James T.
TXN-00222,2023-04-15,S005,P007,4,64.95,0.1,233.82,PayPal,Priya M.
TXN-00657,2024-11-28,S005,P017,5,39.95,N/A,149.81,Credit Card,Priya M.
TXN-00273,2024-01-30,S006,P015,5,44.95,0,224.75,Gift Card,Carlos R.
TXN-00171,2023-12-23,S002,P008,3,89.95,0,269.85,Cash,Tom B.
TXN-00938,02/24/2024,S005,P005,4,34.99,0.1,125.96,DEBIT CARD,Lin W.
TXN-00216,06-Dec-2023,S007,P005,-5,34.99,0.2,139.96,Gift Card,Maria S.
TXN-00986,11/29/2023,S004,P015,2,44.95,0,89.9,Cash,James T.
TXN-00282,18-Feb-2024,,P012,3,119.0,0.05,339.15,Gift Card,Carlos R.
TXN-00363,04/05/2024,S007,P020,2,59.95,0.25,89.93,PayPal,Priya M.
TXN-00856,09/22/2024,S002,P001,4,19.99,0.2,63.97,Apple Pay,Amy K.
TXN-00106,06/14/2024,S005,P008,1,89.95,0,89.95,GIFT CARD,Lin W.
TXN-00083,02/13/2023,,P017,5,39.95,0.15,169.79,Gift Card,James T.
TXN-01142,03/20/2024,S003,P001,1,19.99,0,19.99,Gift Card,Priya M.
TXN-01151,05/13/2024,S008,P012,3,119.0,0.15,303.45,GIFT CARD,James T.
TXN-00340,2023-07-02,S005,P011,1,198.0,0,198.0,Gift Card,James T.
TXN-00672,2024-10-17,S003,P018,4,85.0,NA,340.0,Apple Pay,
TXN-00527,10/23/2024,S008,P015,4,44.95,0,179.8,Cash,James T.
TXN-00324,14-Dec-2024,S001,P009,2,74.95,0,149.9,Debit Card,Amy K.
TXN-00512,06/28/2023,S004,P007,3,64.95,0,194.85,Cash,Carlos R.
TXN-00147,18-Jan-2023,S008,P016,1,49.95,0,49.95,Credit Card,Priya M.
TXN-00095,2024-06-09,S002,P010,1,69.95,0,69.95,GIFT CARD,Amy K.
TXN-00518,05/24/2024,S007, P015 ,4,44.95,0.2,143.84,CASH,Priya M.
TXN-00802,2024-02-13,S008,P007,4,64.95,0,259.8,Gift Card,Tom B.
TXN-00515,03/25/2023,S001,P009,2,74.95,0.25,112.43,Apple Pay,Carlos R.
TXN-00671,08-May-2024,S002,P011,5,198.0,0,990.0,PAYPAL,
TXN-00037,2024-10-27,S008, P001 ,5,19.99,0,99.95,Debit Card,David N.
TXN-00836,2023-05-03,S006,P001,5,19.99,0,99.95,PayPal,David N.
TXN-00866,2024-01-14,S008,P001,4,19.99,0.15,67.97,Credit Card,David N.
TXN-01006,01-Jun-2023,S005,P010,3,69.95,0,209.85,PayPal,James T.
TXN-00501,06-Jan-2024,S007,P014,3,89.95,0,269.85,Gift Card,
TXN-00633,07/20/2023,S007,P007,2,64.95,0.25,97.43,Credit Card,Priya M.
TXN-00443,2024-02-15,S001,P002,2,59.95,0.25,89.93,credit card,Lin W.
TXN-00494,30-Jun-2024,S004,P019,5,79.95,0.1,359.78,DEBIT CARD,Maria S.
TXN-00412,2023-07-07,S001,P010,3,69.95,0,209.85,Apple Pay,Carlos R.
TXN-00146,2023-08-25,S002,P002,1,59.95,0.2,47.96,APPLE PAY,Lin W.
TXN-00793,2024-04-28,S005,P018,3,85.0,0.25,191.25,CREDIT CARD,Amy K.
TXN-00228,2023-03-01,S002,P016,3,49.95,0,149.85,Apple Pay,David N.
TXN-00844,01/25/2023,S007,P013,4,44.95,0.2,143.84,Gift Card,James T.
TXN-00760,05-Sep-2024,S001,P004,-4,49.95,0.25,149.85,Credit Card,David N.
TXN-00644,2024-09-29,S008, P014 ,4,89.95,0.2,652.54,Cash,Amy K.
TXN-00122,15-Apr-2024,S006,P016,5,49.95,0.2,199.8,Debit Card,David N.
TXN-00924,29-Jun-2024,S003,P016,3,49.95,0,149.85,CASH,Tom B.
TXN-01041,11-Feb-2024,S003,P019,5,79.95,0,399.75,Credit Card,Amy K.
TXN-00048,2024-10-02,S007,P010,5,69.95,0,349.75,DEBIT CARD,James T.
TXN-00857,21-Oct-2023,S003,P015,5,44.95,0.15,191.04,Debit Card,Carlos R.
TXN-00523,2024-02-05,S006,P019,5,79.95,0.2,319.8,Debit Card,Priya M.
TXN-01017,09/06/2024,S004,P005,1,34.99,0,34.99,Apple Pay,James T.
TXN-01067,12/10/2024,S003, P017 ,-2,39.95,0.1,71.91,CREDIT CARD,James T.
TXN-00616,2024-05-10,,P008,3,89.95,0,269.85,PAYPAL,Maria S.
TXN-00903,28-Apr-2024,S001,P010,3,69.95,0,209.85,Gift Card,David N.
TXN-01169,04/13/2023,S006,P002,4,59.95,0.1,215.82,Gift Card,Maria S.
TXN-01022,06/26/2024,S002,P018,3,85.0,0.05,242.25,GIFT CARD,Carlos R.
TXN-00311,2024-10-16,S002, P001 ,2,19.99,0.25,29.98,Gift Card,James T.
TXN-00880,06/13/2023,S004,P016,5,49.95,0.25,187.31,GIFT CARD,Priya M.
TXN-00582,07-Jan-2023,S001,P015,5,44.95,0.25,168.56,Cash,
TXN-00605,20-Mar-2023,S003,P004,2,49.95,0,99.9,Cash,Amy K.
TXN-00479,30-Aug-2023,S002,P015,3,44.95,0,134.85,Cash,Tom B.
TXN-00974,2023-06-21,S006,P013,4,44.95,0,179.8,Debit Card,Priya M.
TXN-00341,03/11/2023,S001,P003,3,129.0,0.15,328.95,GIFT CARD,David N.
TXN-00180,2023-05-24,S007,P020,4,59.95,0.05,227.81,Credit Card,James T.
TXN-00160,2024-11-05,S007,P016,2,49.95,0.1,89.91,cash,Carlos R.
TXN-00422,09/01/2024,S003,P003,3,129.0,0.05,367.65,Debit Card,David N.
TXN-00296,2024-10-03,S007,P010,2,69.95,0.05,132.91,gift card,Amy K.
TXN-00115,06/11/2024,S006,P019,3,79.95,0.05,227.86,gift card,Lin W.
TXN-00506,2023-07-17,S002,P011,1,198.0,0.25,148.5,paypal,David N.
TXN-00352,15-Nov-2023,S003, P010 ,5,69.95,N/A,332.26,credit card,Lin W.
TXN-00519,2024-01-04,S002,P009,2,74.95,0,149.9,Credit Card,James T.
TXN-00588,06-Oct-2024,S008,P004,5,49.95,0,449.42,PAYPAL,Carlos R.
TXN-00784,2024-07-03,S004,P008,2,89.95,0.25,134.93,Credit Card,Tom B.
TXN-00252,22-Apr-2024,S005,P005,2,34.99,0.1,62.98,CASH,Maria S.
TXN-00645,2023-04-28,S007,P010,5,69.95,0.15,297.29,Credit Card,Priya M.
TXN-01043,11/16/2024,S007,P004,2,49.95,0.2,79.92,PayPal,Carlos R.
TXN-00526,12/02/2024,S003,P020,5,59.95,0.1,269.78,PAYPAL,Carlos R.
TXN-00387,2023-06-30,S001,P007,1,64.95,0,64.95,GIFT CARD,Tom B.
TXN-00731,27-Nov-2023,S005,P004,4,49.95,0.1,179.82,PayPal,Amy K.
TXN-00197,2024-04-17,S008,P005,-1,34.99,0.15,29.74,Credit Card,James T.
TXN-00626,08-Aug-2023,S007,P003,3,129.0,0.25,290.25,paypal,Priya M.
TXN-00175,2024-03-15,S002,P015,3,44.95,0,134.85,Debit Card,Priya M.
TXN-00158,07/01/2023,S005,P011,5,198.0,0.05,940.5,Cash,Tom B.
TXN-00514,09/05/2024,S003,P007,2,64.95,0.2,103.92,cash,David N.
TXN-00463,2023-03-31,S008, P010 ,5,69.95,0.15,297.29,Cash,Priya M.
TXN-00086,2023-11-20,S008,P015,5,44.95,0.25,168.56,Apple Pay,David N.
TXN-00808,01/16/2023,S007,P020,5,59.95,0,299.75,CREDIT CARD,Lin W.
TXN-00858,10/03/2024,S001,P015,4,44.95,0.05,170.81,Debit Card,Priya M.
TXN-00427,09/27/2023,S008, P016 ,5,49.95,0,249.75,Gift Card,Maria S.
TXN-01015,15-Dec-2024,S001,P008,1,89.95,0.15,76.46,PayPal,Carlos R.
TXN-00490,11/28/2023,S005,P013,1,44.95,0.15,38.21,Gift Card,Lin W.
TXN-00261,15-Aug-2023,S006,P007,4,64.95,0,259.8,Debit Card,Lin W.
TXN-00649,11/21/2023,S002,P016,1,49.95,0.2,39.96,Cash,Amy K.
TXN-01107,2023-05-22,S002,P018,4,85.0,0.1,306.0,PayPal,Amy K.
TXN-00967,08/17/2023,S008,P020,5,59.95,0.05,525.05,PayPal,David N.
TXN-00884,2023-11-26,S006, P017 ,1,39.95,0.2,31.96,PayPal,Lin W.
TXN-00010,2024-05-12,S005,P008,1,89.95,0.05,85.45,Credit Card,James T.
TXN-01003,2024-05-17,S006,P018,2,85.0,0,170.0,Gift Card,Maria S.
TXN-00155,01/13/2023,S002,P012,5,119.0,0,595.0,Gift Card,David N.
TXN-00151,2023-11-03,S001,P007,5,64.95,0,324.75,Credit Card,Priya M.
TXN-00516,02-Oct-2023,S003,P011,3,198.0,,445.5,Gift Card,Tom B.
TXN-00104,18-Nov-2024,S006,P020,4,59.95,0.1,215.82,Credit Card,Maria S.
TXN-01032,18-Feb-2024,S002,P006,2,79.95,0.1,143.91,Gift Card,Lin W.
TXN-00923,09/11/2024,S007,P009,4,74.95,0.15,254.83,PayPal,Amy K.
TXN-01200,2023-09-03,S007,P013,3,44.95,0.25,101.14,Credit Card,Lin W.
TXN-00908,12/12/2024,S001,P017,1,39.95,0.25,50.38,Credit Card,
TXN-00565,2023-02-23,S003,P002,1,59.95,0.15,50.96,Debit Card,
TXN-00533,2023-09-02,S001,P002,4,59.95,0.05,227.81,Cash,Carlos R.
TXN-00453,2023-04-06,S008,P016,1,49.95,0,49.95,Cash,James T.
TXN-01082,03/10/2023,S004,P013,1,44.95,0.15,38.21,Gift Card,
TXN-00091,01/07/2024,S003,P017,1,39.95,0.2,31.96,Credit Card,David N.
TXN-00528,2024-12-16,S007,P015,4,44.95,0,179.8,Gift Card,James T.
TXN-00058,02/14/2023,S006,P007,2,64.95,0.2,103.92,Gift Card,Carlos R.
TXN-00953,08/28/2024,S006,P017,3,39.95,0.25,89.89,Credit Card,Priya M.
TXN-00077,2024-01-17,S002,P003,1,129.0,0,129.0,Credit Card,Priya M.
TXN-00821,09-Sep-2024,S008,P010,2,69.95,0,139.9,Apple Pay,
TXN-00978,12-Nov-2023,S007,P003,5,129.0,0.15,548.25,GIFT CARD,James T.
TXN-00621,2024-05-14,S008,P009,4,74.95,0,299.8,PayPal,James T.
TXN-00425,2024-07-13,S005,P016,4,49.95,0.1,179.82,PAYPAL,David N.
TXN-00379,2024-11-07,S008,P010,2,69.95,0,139.9,Gift Card,Maria S.
TXN-01030,19-Oct-2024,S007,P020,5,59.95,0.2,239.8,PayPal,Amy K.
TXN-00286,2023-05-03,S004, P008 ,5,89.95,0.15,382.29,Credit Card,Lin W.
TXN-00480,12-Jun-2024,S003,P013,5,44.95,0.05,213.51,Cash,James T.
TXN-00470,12/12/2023,S005,P012,2,119.0,0,238.0,Credit Card,Maria S.
TXN-00349,2023-05-27,S003,P007,3,64.95,0.25,146.14,Cash,Amy K.
TXN-00199,07/11/2024,S004,P018,-1,85.0,0.2,68.0,Gift Card,
TXN-00567,09-Aug-2024,S002,P016,5,49.95,0.05,237.26,paypal,Maria S.
TXN-00865,05/19/2023,S004,P004,2,49.95,0.25,74.93,Credit Card,James T.
TXN-00090,02-Nov-2024,S003,P011,1,198.0,0,198.0,CASH,David N.
TXN-00440,2024-11-18,S005,P001,5,19.99,0,99.95,Apple Pay,Maria S.
TXN-00711,2024-03-25,S005,P006,1,79.95,0.1,71.95,Gift Card,Amy K.
TXN-01145,10/13/2023,S001,P015,-4,44.95,0,179.8,Cash,Maria S.
TXN-00057,02-Nov-2023,S007,P011,5,198.0,0.1,891.0,Cash,Maria S.
TXN-00727,28-May-2023,S006,P016,5,49.95,0,249.75,CASH,Amy K.
TXN-00826,06/26/2023,S005,P006,2,79.95,0.15,135.91,Cash,Priya M.
TXN-00182,03/06/2024,S001,P012,3,119.0,0,357.0,PayPal,
TXN-00624,11/21/2023,S007, P014 ,2,89.95,0.2,143.92,Credit Card,David N.
TXN-00301,2023-11-25,S008,P020,4,59.95,0.1,352.93,debit card,Tom B.
TXN-00054,06/14/2024,S001,P018,4,85.0,n/a,272.0,Debit Card,Maria S.
TXN-00181,02/06/2024,S005,P001,3,19.99,0.05,56.97,Apple Pay,Carlos R.
TXN-00078,14-Aug-2024,S001,P010,5,69.95,0.1,314.78,Credit Card,David N.
TXN-00704,27-Dec-2023,S002,P008,4,89.95,0.2,287.84,Credit Card,David N.
TXN-00116,2023-01-09,S001,P010,4,69.95,0.25,209.85,PayPal,Amy K.
TXN-00920,2024-06-09,S002,P005,2,34.99,0,69.98,Gift Card,James T.
TXN-01047,01-Jul-2023,S004,P014,2,89.95,0.05,170.91,paypal,
TXN-00628,05/26/2024,S006,P011,-1,198.0,0,198.0,Debit Card,Tom B.
TXN-01187,04/06/2023,S004,P012,2,119.0,0,238.0,PAYPAL,Lin W.
TXN-00413,21-May-2023,S006,P004,5,49.95,0.15,212.29,Credit Card,Lin W.
TXN-00886,04-Mar-2023,S004,P007,5,64.95,0,324.75,Apple Pay,Amy K.
TXN-00438,21-Aug-2024,S002,P008,5,89.95,0,449.75,Cash,David N.
TXN-00693,11/06/2024,S008,P002,2,59.95,0.05,113.91,debit card,Priya M.
TXN-00922,19-Mar-2024,,P006,2,79.95,0.1,143.91,CREDIT CARD,Tom B.
TXN-01008,2023-05-06,S005, P017 ,2,39.95,0.2,63.92,PayPal,Priya M.
TXN-00454,09/10/2023,S001,P017,5,39.95,0,199.75,credit card,Priya M.
TXN-00778,12-Jun-2023,S006,P019,3,79.95,0.1,215.87,Apple Pay,Amy K.
TXN-00022,02/12/2023,S001,P012,5,119.0,n/a,595.0,Debit Card,Priya M.
TXN-01157,2024-11-03,S006,P001,5,19.99,n/a,99.95,Credit Card,Tom B.
TXN-00419,2024-03-10,S003,P015,1,44.95,0,44.95,Gift Card,David N.
TXN-00554,2024-09-19,S006,P015,2,44.95,0.25,67.43,Apple Pay,Priya M.
TXN-00926,18-Aug-2024,S005,P007,3,64.95,0.15,165.62,Gift Card,Carlos R.
TXN-01093,12-Nov-2023,S007,P016,5,49.95,0.25,187.31,Gift Card,David N.
TXN-00912,14-Nov-2023,S006,P008,-5,89.95,0.25,337.31,Cash,Maria S.
TXN-00658,12/09/2024,S007,P013,4,44.95,0,179.8,Apple Pay,
TXN-00067,2023-05-25,S008,P010,3,69.95,0,483.67,Credit Card,Tom B.
TXN-01065,03/14/2024,S006,P013,2,44.95,0,89.9,PayPal,David N.
TXN-01173,2023-09-27,S001,P003,5,129.0,0.2,516.0,Gift Card,Tom B.
TXN-00040,06-Jan-2024,S006,P001,4,19.99,0.25,59.97,Gift Card,James T.
TXN-01106,03/27/2023,S002,P008,3,89.95,0.25,202.39,Credit Card,Lin W.
TXN-00675,31-Jan-2024,S002,P019,4,79.95,0.15,271.83,Gift Card,Amy K.
TXN-00097,2023-09-20,S003,P016,4,49.95,0,199.8,Credit Card,James T.
TXN-00541,04/23/2024,S004,P008,5,89.95,0,449.75,Apple Pay,Priya M.
TXN-01097,2024-02-15,S006,P017,3,39.95,0.25,89.89,debit card,Amy K.
TXN-00681,2024-08-19,S004,P007,2,64.95,0.2,103.92,Credit Card,Carlos R.
TXN-01174,2023-01-22,S004, P019 ,3,79.95,0.1,215.87,Debit Card,David N.
TXN-00598,17-Jan-2023,S001,P012,2,119.0,0.1,214.2,Cash,Lin W.
TXN-00919,2023-11-24,S005,P019,5,79.95,0,399.75,Debit Card,Amy K.
TXN-00131,2024-05-04,S002,P010,3,69.95,0.05,199.36,Debit Card,Carlos R.
TXN-00540,28-Mar-2024,,P008,5,89.95,0.2,359.8,debit card,David N.
TXN-00274,2024-11-06,S001,P018,5,85.0,0,425.0,gift card,James T.
TXN-00202,2023-04-03,S008,P018,3,85.0,,255.0,Credit Card,Tom B.
TXN-01124,11/19/2023,S006,P014,-3,89.95,0,269.85,Cash,Maria S.
TXN-01165,29-Jan-2023,S006,P004,1,49.95,0.25,37.46,APPLE PAY,Amy K.
TXN-00353,31-Dec-2024,S008,P020,3,59.95,0.1,161.87,DEBIT CARD,David N.
TXN-00572,09/19/2023,S005,P005,5,34.99,0.2,139.96,PayPal,James T.
TXN-00021,10/14/2024,S007,P009,1,74.95,0,74.95,Debit Card,David N.
TXN-01096,20-Jul-2023,, P004 ,3,49.95,0,149.85,Credit Card,
TXN-00964,03-Sep-2023,S002,P016,3,49.95,0,149.85,Debit Card,Maria S.
TXN-00952,09-Jun-2023,S005,P019,5,79.95,0.15,756.06,PayPal,David N.
TXN-00093,2024-06-30,S004,P015,5,44.95,0.1,202.28,Debit Card,Tom B.
TXN-00033,06-Jun-2023,S002,P005,2,34.99,0.05,66.48,Apple Pay,Priya M.
TXN-00259,03/30/2023,S006,P017,1,39.95,0.1,35.96,PayPal,Amy K.
TXN-00174,04/06/2023,S005,P014,4,89.95,0.25,269.85,Apple Pay,
TXN-01184,2024-07-18,S003,P016,2,49.95,0,99.9,Debit Card,Maria S.
TXN-00764,09-Oct-2023,S004,P002,3,59.95,NA,134.89,Gift Card,Carlos R.
TXN-00763,21-Sep-2023,S005,P014,4,89.95,0,359.8,Apple Pay,Lin W.
TXN-00661,26-Dec-2023,S002,P004,3,49.95,n/a,127.37,Gift Card,Tom B.
TXN-00811,03/08/2024,S008,P019,5,79.95,NA,882.16,Cash,Lin W.
TXN-00475,2024-10-18,S003,P014,1,89.95,0.2,71.96,APPLE PAY,Maria S.
TXN-00954,02/14/2024,S003,P004,5,49.95,0.15,212.29,Apple Pay,Priya M.
TXN-00117,27-Nov-2024,S005,P003,4,129.0,0.25,387.0,PayPal,Amy K.
TXN-00278,2023-06-15,S007,P005,1,34.99,0.05,33.24,Apple Pay,Tom B.
TXN-00328,12/04/2023,S004,P019,2,79.95,0.2,127.92,PayPal,Amy K.
TXN-00185,05/23/2024,S003,P004,1,49.95,0,49.95,Debit Card,Maria S.
TXN-00752,2024-04-16,S005,P005,3,34.99,0.25,78.73,Debit Card,Priya M.
TXN-00026,12/26/2024,,P013,5,44.95,0.05,213.51,Credit Card,Amy K.
TXN-00625,01/06/2024,S004,P011,5,198.0,NA,990.0,Credit Card,Priya M.
TXN-00839,2023-01-13,S001, P012 ,1,119.0,0,119.0,PayPal,Maria S.
TXN-00308,06/08/2023,S008,P009,5,74.95,NA,374.75,PayPal,James T.
TXN-00319,10/24/2023,S008,P020,5,59.95,0,299.75,Gift Card,Carlos R.
TXN-01127,2024-09-19,S008,P016,3,49.95,0.2,119.88,CASH,Lin W.
TXN-00397,12/28/2023,S002,P016,5,49.95,0.05,237.26,cash,Carlos R.
TXN-00134,2024-12-18,S004,P019,1,79.95,0,79.95,CASH,Priya M.
TXN-00723,02/12/2024,, P001 ,1,19.99,0,19.99,paypal,James T.
TXN-00699,09/23/2023,,P019,3,79.95,0,239.85,Credit Card,Carlos R.
TXN-00354,2023-08-26,S008,P004,4,49.95,0.1,179.82,Gift Card,Tom B.
TXN-00326,07-Feb-2024,S001,P002,2,59.95,0.1,107.91,Gift Card,David N.
TXN-00445,07/23/2023,S004,P001,1,19.99,0.05,18.99,Gift Card,James T.
TXN-00244,15-Jul-2023,S004,P007,1,64.95,0.2,51.96,gift card,Carlos R.
TXN-00053,11/09/2024,S002,P006,3,79.95,0.2,191.88,Cash,Tom B.
TXN-00508,09-Jan-2023,S003,P016,3,49.95,0.15,127.37,cash,Amy K.
TXN-00876,2024-11-21,S001,P020,4,59.95,0,239.8,Credit Card,Tom B.
TXN-00280,03-Nov-2024,S001,P006,4,79.95,0.25,445.85,DEBIT CARD,Maria S.
TXN-00405,2024-06-23,S006,P003,3,129.0,0,387.0,PayPal,Carlos R.
TXN-00434,2023-09-04,S001,P017,2,39.95,0.15,67.92,Debit Card,Tom B.
TXN-01132,07-Jun-2023,S003,P007,1,64.95,0,64.95,Debit Card,Lin W.
TXN-01140,2024-10-26,S005,P006,3,79.95,0,239.85,PayPal,Carlos R.
TXN-01024,05/19/2024,S007,P002,3,59.95,0,179.85,Debit Card,David N.
TXN-00448,12/10/2024,S008,P003,1,129.0,0.25,96.75,Cash,
TXN-00192,29-Aug-2024,S002,P019,1,79.95,0,79.95,Credit Card,Priya M.
TXN-00027,13-Nov-2023,S006,P020,3,59.95,0,179.85,PayPal,Amy K.
TXN-00744,2023-03-30,S008,P003,-1,129.0,0,129.0,apple pay,Lin W.
TXN-00847,30-Jul-2023,S004,P019,5,79.95,0,399.75,Gift Card,Maria S.
TXN-00594,02/12/2024,S003,P010,1,69.95,0,69.95,Apple Pay,Carlos R.
TXN-00877,11/04/2023,S006,P015,3,44.95,0.25,101.14,Gift Card,David N.
TXN-00084,2024-03-23,S001,P011,2,198.0,0.25,297.0,Credit Card,David N.
TXN-00368,04/02/2024,S005,P001,1,19.99,0,19.99,Apple Pay,Lin W.
TXN-00233,06/16/2024,S004,P001,3,19.99,0.2,47.98,Apple Pay,James T.
TXN-01185,15-May-2023,S005,P009,4,74.95,0.1,269.82,apple pay,Carlos R.
TXN-00803,2023-07-15,S004,P004,4,49.95,0.15,169.83,Gift Card,
TXN-00435,2023-09-02,S005,P010,2,69.95,0.1,125.91,GIFT CARD,Carlos R.
TXN-00985,2024-02-09,S001,P008,2,89.95,,179.9,Apple Pay,
TXN-00570,06/25/2023,S001,P003,1,129.0,n/a,116.1,PayPal,David N.
TXN-00415,26-May-2023,S005,P001,1,19.99,0.05,18.99,APPLE PAY,Lin W.
TXN-00718,2024-03-11,S005,P014,4,89.95,0.15,305.83,Apple Pay,Carlos R.
TXN-01081,07/01/2024,S006, P017 ,3,39.95,0,119.85,Apple Pay,
TXN-01120,04/03/2023,S008,P010,5,69.95,0.2,279.8,Apple Pay,Amy K.
TXN-00984,20-Feb-2024,S007,P009,5,74.95,0.25,281.06,Credit Card,Maria S.
TXN-00612,12/12/2023,S008, P005 ,5,34.99,0.1,157.46,Gift Card,Tom B.
TXN-00746,08/15/2024,S005, P015 ,3,44.95,0,134.85,Cash,Tom B.
TXN-00531,19-Jan-2023,S008,P005,4,34.99,0.1,125.96,Debit Card,Lin W.
TXN-00768,18-Oct-2023,S003,P020,3,59.95,0.2,143.88,Credit Card,Priya M.
TXN-00068,2024-11-22,S008,P012,3,119.0,0.2,285.6,Credit Card,David N.
TXN-00859,2024-12-30,S007,P005,5,34.99,0.05,166.2,Debit Card,Carlos R.
TXN-00829,17-Apr-2023,S006,P018,3,85.0,0.2,204.0,Gift Card,Lin W.
TXN-00562,2024-11-06,S004,P002,2,59.95,0.25,89.93,Cash,Priya M.
TXN-00883,26-Nov-2023,S005,P018,3,85.0,0.15,216.75,Debit Card,Carlos R.
TXN-00015,2024-05-07,S001,P003,2,129.0,NA,258.0,Gift Card,Priya M.
TXN-00121,27-Feb-2024,S004,P001,4,19.99,0.15,67.97,Debit Card,Priya M.
TXN-00088,2024-04-06,S004, P011 ,5,198.0,0.25,742.5,Credit Card,Lin W.
TXN-00898,01/01/2023,S001,P001,5,19.99,0,99.95,Cash,Maria S.
TXN-00464,2024-04-19,S004,P014,5,89.95,0.05,427.26,CASH,James T.
TXN-00643,2023-06-27,S008,P016,4,49.95,0.2,159.84,Cash,Carlos R.
TXN-00776,06/23/2023,S002,P004,2,49.95,0.1,89.91,Apple Pay,James T.
TXN-00685,04-Dec-2023,S004,P011,1,198.0,0,198.0,PAYPAL,Carlos R.
TXN-01056,12-Apr-2024,,P012,4,119.0,0.2,380.8,Apple Pay,David N.
TXN-00728,09/16/2023,S008,P017,5,39.95,0.05,189.76,Gift Card,
TXN-00841,04/21/2023,S001,P020,1,59.95,0,59.95,Cash,Amy K.
TXN-00507,2023-05-21,S007,P016,5,49.95,0.25,187.31,Debit Card,Lin W.
TXN-00041,03/30/2023,S008, P015 ,4,44.95,0.1,161.82,Debit Card,David N.
TXN-00543,01/25/2024,S002,P010,5,69.95,0,349.75,Cash,Lin W.
TXN-01018,2023-11-27,,P016,2,49.95,0,99.9,apple pay,Priya M.
TXN-00871,07-Jun-2023,S002,P008,1,89.95,N/A,89.95,Credit Card,David N.
TXN-00737,12-Oct-2023,S006,P017,1,39.95,0.05,37.95,Apple Pay,Lin W.
TXN-00143,04-Jan-2024,S007,P015,5,44.95,0.15,191.04,Cash,Amy K.
TXN-00957,2023-02-03,S002,P005,1,34.99,0,34.99,Debit Card,Tom B.
TXN-00030,02-Nov-2024,,P013,4,44.95,0.2,143.84,Debit Card,Carlos R.
TXN-01087,2023-10-19,S002, P005 ,3,34.99,0,104.97,Credit Card,James T.
TXN-00822,09/15/2023,S005,P009,3,74.95,0.15,191.12,APPLE PAY,Priya M.
TXN-00563,28-Nov-2023,S005,P010,2,69.95,0.2,111.92,DEBIT CARD,James T.
TXN-00553,28-Feb-2024,S005,P008,-3,89.95,0.25,202.39,PayPal,
TXN-00510,2024-10-16,S002,P015,1,44.95,0.25,33.71,Credit Card,Carlos R.
TXN-00641,06-Sep-2024,,P004,3,49.95,0.15,127.37,PayPal,Tom B.
TXN-01111,01/22/2024,S003,P016,3,49.95,0.05,142.36,Apple Pay,David N.
TXN-01188,2024-08-21,S004,P015,4,44.95,0.25,134.85,Gift Card,David N.
TXN-00245,09-May-2024,S003,P016,1,49.95,0,49.95,PayPal,Priya M.
TXN-00807,09/28/2024,,P007,3,64.95,NA,155.88,CASH,David N.
TXN-00913,14-Dec-2024,S008,P003,5,129.0,N/A,645.0,Cash,Tom B.
TXN-00219,01/13/2024,S001,P015,1,44.95,n/a,38.21,Cash,Carlos R.
TXN-00945,02/13/2024,S003,P001,2,19.99,0.25,29.98,Gift Card,Amy K.
TXN-00225,2024-07-25,S008,P012,5,119.0,0.1,535.5,Apple Pay,Lin W.
TXN-00592,2024-04-01,S002,P002,5,59.95,0.05,284.76,Apple Pay,Carlos R.
TXN-01175,2023-09-19,S001, P003 ,4,129.0,0.05,490.2,Cash,Priya M.
TXN-00824,10-Aug-2024,,P013,1,44.95,0.15,38.21,Gift Card,Tom B.
TXN-00989,2024-03-24,,P013,3,44.95,0,134.85,Debit Card,Tom B.
TXN-00596,2024-06-30,S005,P018,1,85.0,0,85.0,Credit Card,
TXN-00220,01/29/2023,,P012,2,119.0,0.1,214.2,Cash,James T.
TXN-00108,2023-08-18,S005,P010,2,69.95,0,139.9,PayPal,David N.
TXN-00707,05/11/2023,S002,P005,5,34.99,0.2,139.96,Cash,Priya M.
TXN-00961,04/21/2023,S003,P002,1,59.95,0,59.95,Debit Card,James T.
TXN-00355,04/26/2023,S006,P015,4,44.95,0,179.8,Gift Card,James T.
TXN-01046,07/18/2023,S008,P019,5,79.95,0,399.75,Apple Pay,James T.
TXN-00931,2024-09-23,S006,P008,2,89.95,0.2,143.92,PAYPAL,Carlos R.
TXN-01033,29-Jul-2024,S007,P001,4,19.99,0,79.96,Cash,Carlos R.
TXN-00240,03/18/2023,S001,P001,2,19.99,0.25,29.98,Debit Card,Tom B.
TXN-00568,2024-12-18,S003,P004,3,49.95,0,149.85,Gift Card,Lin W.
TXN-00130,04-Jan-2024,S006,P010,5,69.95,0,349.75,Apple Pay,Amy K.
TXN-01028,19-Jan-2024,S003,P014,1,89.95,0.05,85.45,APPLE PAY,Carlos R.
TXN-01071,2023-05-10,S003, P018 ,1,85.0,0,85.0,Credit Card,Carlos R.
TXN-00012,14-Mar-2023,S002,P002,2,59.95,0,119.9,Cash,Maria S.
TXN-00758,2024-10-11,S007,P002,3,59.95,0.2,143.88,Apple Pay,Amy K.
TXN-00006,2023-09-29,S006,P007,4,64.95,0.2,207.84,Debit Card,Tom B.
TXN-00450,28-Dec-2024,S008,P011,4,198.0,0,792.0,Cash,James T.
TXN-00105,2024-08-03,S003,P003,2,129.0,0.15,219.3,Gift Card,David N.
TXN-00551,2024-06-18,S001,P009,1,74.95,0,74.95,Debit Card,James T.
TXN-00609,01/18/2023,S004,P003,2,129.0,n/a,219.3,Debit Card,Maria S.
TXN-00631,2024-09-01,S003,P015,4,44.95,0.15,152.83,PayPal,Lin W.
TXN-00206,13-Sep-2023,S002,P011,4,198.0,NA,792.0,Debit Card,Amy K.
TXN-00170,04/27/2023,S005,P006,4,79.95,0.25,239.85,PayPal,James T.
TXN-00500,25-Nov-2024,S004,P017,3,39.95,NA,113.86,Apple Pay,
TXN-00838,07/08/2023,S006,P006,4,79.95,0.1,693.43,Credit Card,Tom B.
TXN-00070,03-Feb-2023,S003,P014,1,89.95,0.25,67.46,Cash,Priya M.
TXN-00005,05-Dec-2024,S004,P006,4,79.95,N/A,255.84,Apple Pay,
TXN-00120,2024-05-06,S008,P009,5,74.95,0.05,356.01,PayPal,Maria S.
TXN-00578,2023-09-03,S005,P014,3,89.95,0,269.85,CREDIT CARD,James T.
TXN-01074,24-Feb-2023,S008,P013,5,44.95,0.05,213.51,Gift Card,James T.
TXN-00079,07/04/2023,S007,P018,5,85.0,,425.0,Credit Card,Amy K.
TXN-00267,05/10/2024,,P015,2,44.95,0,89.9,Apple Pay,Lin W.
TXN-01178,2023-07-10,S008,P011,5,198.0,0.25,742.5,PayPal,David N.
TXN-00650,2023-02-18,S002,P012,5,119.0,0,595.0,Debit Card,Maria S.
TXN-00102,03/26/2024,S005,P004,3,49.95,0.2,119.88,Apple Pay,Priya M.
TXN-01099,03/22/2023,S008, P009 ,4,74.95,0.2,239.84,Debit Card,Priya M.
TXN-00389,31-Aug-2023,S006, P008 ,1,89.95,0.15,76.46,Credit Card,Carlos R.
TXN-00817,06/18/2024,S004,P009,-1,74.95,0.2,59.96,Gift Card,Amy K.
TXN-01180,17-Mar-2024,S003,P008,5,89.95,0,449.75,DEBIT CARD,Lin W.
TXN-00447,07/04/2023,S004,P020,2,59.95,0.1,107.91,GIFT CARD,Carlos R.
TXN-00374,2024-11-07,S003,P004,2,49.95,0.1,89.91,Gift Card,Amy K.
TXN-00918,2023-02-10,S002,P006,5,79.95,0.2,319.8,PayPal,
TXN-00937,03-Apr-2023,S004, P002 ,4,59.95,0.15,203.83,DEBIT CARD,Maria S.
TXN-00855,2023-08-28,S006,P012,1,119.0,0,119.0,Apple Pay,James T.
TXN-00186,30-Dec-2024,S001,P011,4,198.0,,712.8,Cash,James T.
TXN-01116,23-Jul-2024,S006,P006,2,79.95,,159.9,Cash,Amy K.
TXN-00401,10/19/2023,S008,P012,3,119.0,0,357.0,Cash,Lin W.
TXN-01034,2023-05-01,S001,P010,1,69.95,,59.46,Apple Pay,Priya M.
TXN-01004,2023-01-31,S002,P011,4,198.0,0,792.0,Cash,Amy K.
TXN-01040,05/21/2023,,P005,4,34.99,0.2,111.97,PayPal,Lin W.
TXN-00168,06/20/2023,S007,P014,2,89.95,0.25,134.93,PayPal,Lin W.
TXN-01182,2024-12-08,S006,P019,4,79.95,0.25,239.85,Apple Pay,Lin W.
TXN-00376,2023-09-23,, P018 ,4,85.0,0.05,323.0,GIFT CARD,James T.
TXN-00234,07/26/2023,S008,P007,5,64.95,0.05,773.57,paypal,Amy K.
TXN-00159,2024-07-17,S007,P012,1,119.0,0.05,113.05,Apple Pay,Lin W.
TXN-00060,21-Nov-2024,S005, P011 ,5,198.0,0.2,792.0,Cash,
TXN-00968,2023-02-18,S004,P015,2,44.95,0.2,71.92,Gift Card,Maria S.
TXN-00552,2024-09-17,S006,P011,2,198.0,NA,336.6,Gift Card,Priya M.
TXN-00619,30-Dec-2024,S003,P011,3,198.0,0.15,504.9,Credit Card,Priya M.
TXN-00790,02/07/2024,,P011,4,198.0,0.1,712.8,paypal,Priya M.
TXN-01181,10-Jan-2024,S002,P017,5,39.95,0.25,149.81,APPLE PAY,Maria S.
TXN-00270,06/11/2023,S002,P017,3,39.95,0.05,113.86,Debit Card,Lin W.
TXN-00477,07-Feb-2023,S008,P012,4,119.0,0.05,452.2,Credit Card,Amy K.
TXN-00613,05/28/2024,S001,P013,4,44.95,0.25,134.85,PayPal,Amy K.
TXN-00293,2023-05-29,S008,P003,4,129.0,0.1,464.4,Apple Pay,Tom B.
TXN-00869,04/26/2024,S001,P019,1,79.95,0.1,71.95,Debit Card,Priya M.
TXN-00499,18-Jul-2023,S005,P019,5,79.95,0.25,299.81,PayPal,Lin W.
TXN-00779,2023-11-07,S007,P009,2,74.95,0,149.9,PayPal,Carlos R.
TXN-00157,02/10/2024,S004,P015,1,44.95,0,44.95,Credit Card,Amy K.
TXN-00800,2023-11-12,S006,P019,2,79.95,,151.91,Debit Card,Lin W.
TXN-00614,04/24/2024,S001,P008,4,89.95,0,359.8,Apple Pay,James T.
TXN-00288,2023-01-09,S003,P015,1,44.95,0.25,33.71,Apple Pay,David N.
TXN-00936,04/01/2024,S006,P013,1,44.95,0.25,33.71,Apple Pay,Priya M.
TXN-00714,12/10/2023,S002,P008,1,89.95,0.15,76.46,PayPal,
TXN-00769,15-Feb-2024,S004,P004,5,49.95,0.1,224.78,Debit Card,Lin W.
TXN-00889,07/02/2023,S007, P018 ,1,85.0,0.2,68.0,Gift Card,David N.
TXN-01152,2023-09-30,S003, P009 ,1,74.95,0.2,59.96,Gift Card,Lin W.
TXN-00517,2024-07-17,S007,P013,5,44.95,0,224.75,CASH,David N.
TXN-00426,06/18/2023,S008,P002,1,59.95,0,59.95,Apple Pay,Amy K.
TXN-01159,25-May-2023,S005,P018,3,85.0,0.1,229.5,Apple Pay,Carlos R.
TXN-00238,11/25/2024,S001,P006,1,79.95,,63.96,PayPal,Tom B.
TXN-00635,08/08/2024,S006,P017,5,39.95,0.15,169.79,Debit Card,David N.
TXN-00020,16-Oct-2023,S003,P009,1,74.95,0,74.95,Cash,Lin W.
TXN-00111,10/02/2024,S005,P003,3,129.0,0.05,367.65,DEBIT CARD,Amy K.
TXN-00982,29-Nov-2024,S002,P001,4,19.99,0.05,75.96,Debit Card,Lin W.
TXN-00767,2023-12-20,S005,P013,1,44.95,0,44.95,PayPal,
TXN-00272,04/27/2024,S001,P010,1,69.95,0.05,66.45,PayPal,Tom B.
TXN-00741,02/27/2023,S003,P006,2,79.95,0,159.9,CREDIT CARD,Priya M.
TXN-00695,01/26/2024,S005,P018,4,85.0,n/a,272.0,Debit Card,Amy K.
TXN-00469,10-Jun-2023,S005,P003,4,129.0,0,516.0,Debit Card,Lin W.
TXN-00318,09-Nov-2023,, P008 ,5,89.95,0,449.75,Credit Card,Priya M.
TXN-00200,2023-04-13,S005,P002,4,59.95,0.15,203.83,Debit Card,Carlos R.
TXN-00255,20-Sep-2023,S004,P002,3,59.95,0.2,143.88,GIFT CARD,James T.
TXN-00772,07-Sep-2024,S003,P019,4,79.95,0,319.8,Credit Card,David N.
TXN-00139,2024-05-22,S005,P002,5,59.95,0,299.75,PayPal,Priya M.
TXN-00648,2024-08-12,S004,P019,1,79.95,0.1,71.95,Apple Pay,
TXN-00418,07/16/2023,S002,P004,5,49.95,0,249.75,apple pay,Carlos R.
TXN-00196,03-Dec-2024,S001, P008 ,2,89.95,0.05,170.91,CASH,Priya M.
TXN-01092,12-Jun-2023,S005, P017 ,1,39.95,0.15,69.44,CASH,
TXN-01117,2024-10-27,S005,P004,5,49.95,0,249.75,Cash,Priya M.
TXN-00210,10/15/2024,S008,P007,1,64.95,0,64.95,Debit Card,Carlos R.
TXN-00050,2023-05-26,S004,P014,1,89.95,0.05,85.45,Cash,Lin W.
TXN-00740,10/09/2024,S005, P009 ,1,74.95,0,74.95,PayPal,
TXN-00564,20-Jul-2023,S008,P010,2,69.95,0.05,132.91,Apple Pay,Carlos R.
TXN-00556,2023-01-30,S004,P007,2,64.95,0,129.9,Gift Card,James T.
TXN-00611,2023-06-11,S001,P004,-5,49.95,0,249.75,PAYPAL,Tom B.
TXN-00720,08/13/2023,S007,P013,3,44.95,0,134.85,GIFT CARD,Amy K.
TXN-00087,03-Apr-2023,S001, P002 ,3,59.95,0.1,161.87,Apple Pay,James T.
TXN-00694,09/28/2024,S005,P019,2,79.95,0,159.9,Apple Pay,David N.
TXN-01197,04/09/2024,S008,P013,5,44.95,0.1,202.28,Cash,Tom B.
TXN-01023,04/07/2024,S004,P020,5,59.95,0,299.75,debit card,James T.
TXN-01196,2023-09-04,S004,P008,3,89.95,0.05,256.36,Apple Pay,Maria S.
TXN-00266,20-Apr-2024,S003,P012,4,119.0,0.05,452.2,Debit Card,Amy K.
TXN-00194,2023-04-03,S004,P015,3,44.95,0.25,101.14,Credit Card,Amy K.
TXN-00698,2023-05-11,S008,P006,3,79.95,0.1,215.87,GIFT CARD,
TXN-00566,17-Nov-2024,S008,P010,5,69.95,0,349.75,Apple Pay,
TXN-00370,2024-06-29,S003, P015 ,4,44.95,0.25,134.85,Gift Card,Amy K.
TXN-00268,2023-11-28,S007,P016,4,49.95,0,199.8,Apple Pay,Maria S.
TXN-01143,01/17/2024,S007,P004,1,49.95,0,49.95,Debit Card,Amy K.
TXN-00806,2023-06-26,S005,P012,5,119.0,0.2,476.0,Gift Card,Lin W.
TXN-00715,21-May-2023,S006,P007,5,64.95,0,324.75,Debit Card,Maria S.
TXN-00895,2023-07-09,,P015,1,44.95,0.25,33.71,Debit Card,Priya M.
TXN-00569,07/22/2024,S002,P007,1,64.95,0,64.95,CREDIT CARD,Lin W.
TXN-01109,08/27/2024,S007,P003,1,129.0,0,129.0,Apple Pay,Tom B.
TXN-00483,14-Jan-2024,S006,P004,5,49.95,0.2,199.8,Credit Card,
TXN-00346,11/25/2024,S006,P015,4,44.95,0,179.8,PAYPAL,Amy K.
TXN-00697,01/03/2024,S008,P001,4,19.99,0,79.96,Credit Card,Tom B.
TXN-00195,2023-06-28,S006,P013,5,44.95,0,224.75,Cash,Amy K.
TXN-00402,2024-08-11,S003,P006,2,79.95,0,159.9,Cash,Maria S.
TXN-00724,17-Mar-2023,S007,P013,2,44.95,,80.91,Credit Card,James T.
TXN-00934,2024-09-13,S006,P011,1,198.0,0.25,148.5,Gift Card,Priya M.
TXN-01123,10/28/2023,S005,P005,3,34.99,0.1,94.47,Credit Card,Lin W.
TXN-00342,06-Oct-2024,S004,P007,5,64.95,0,324.75,PayPal,James T.
TXN-00473,2023-06-25,S001,P008,4,89.95,0.15,305.83,PayPal,Amy K.
TXN-00209,2023-09-01,,P014,5,89.95,0.1,404.78,Cash,Amy K.
TXN-00640,2023-03-20,S008,P001,4,19.99,0,79.96,Apple Pay,
TXN-01059,15-Aug-2023,S006,P013,2,44.95,0,89.9,PayPal,Priya M.
TXN-00110,2024-05-29,S003,P018,5,85.0,0,425.0,Gift Card,Lin W.
TXN-01158,16-Mar-2024,S003,P007,1,64.95,0,64.95,CREDIT CARD,Tom B.
TXN-00145,2023-12-27,S006,P009,4,74.95,0.25,224.85,Debit Card,Tom B.
TXN-00864,06/17/2023,S003,P010,3,69.95,0,209.85,Debit Card,Lin W.
TXN-00056,2024-04-28,S008,P010,5,69.95,0.1,314.78,GIFT CARD,Priya M.
TXN-00873,12/26/2024,S002, P013 ,3,44.95,0.05,225.96,Debit Card,Tom B.
TXN-00955,2024-04-29,S001,P014,4,89.95,0.2,287.84,Gift Card,Lin W.
TXN-00152,2023-08-26,S002, P017 ,3,39.95,0,119.85,Gift Card,James T.
TXN-00066,01-Dec-2023,S001,P019,3,79.95,0,239.85,Cash,James T.
TXN-00391,2024-07-20,S006,P008,3,89.95,0,269.85,PayPal,Lin W.
TXN-01160,07/27/2023,S008, P004 ,4,49.95,0,199.8,GIFT CARD,Lin W.
TXN-01054,06/28/2024,S002,P020,1,59.95,0.25,44.96,PAYPAL,Tom B.
TXN-00890,15-Apr-2023,S003,P016,1,49.95,0,49.95,debit card,Lin W.
TXN-00285,2023-10-03,S003,P016,3,49.95,0.15,127.37,PayPal,Carlos R.
TXN-00310,2023-07-16,,P006,1,79.95,0.05,75.95,Gift Card,
TXN-00044,07/17/2023,S008,P009,3,74.95,0.1,202.37,Credit Card,Carlos R.
TXN-00011,10/27/2024,S004,P018,2,85.0,0.1,153.0,Apple Pay,Priya M.
TXN-00451,06/18/2023,S007,P010,3,69.95,0.1,188.87,Gift Card,David N.
TXN-00759,01/08/2023,S003,P014,5,89.95,0.2,359.8,Debit Card,James T.
TXN-01168,08-Aug-2023,S007,P002,1,59.95,0.15,50.96,Cash,James T.
TXN-00870,10/16/2023,S006,P005,3,34.99,0.1,159.92,Gift Card,Carlos R.
TXN-00600,17-May-2024,S003,P015,2,44.95,0,89.9,PayPal,Carlos R.
TXN-00484,2024-05-15,S007,P002,3,59.95,0.1,161.87,Debit Card,Carlos R.
TXN-00345,12/05/2023,S006,P013,5,44.95,,224.75,Debit Card,Lin W.
TXN-00733,04-Mar-2023,S004,P007,1,64.95,0.25,48.71,Credit Card,David N.
TXN-00423,2023-10-13,S007,P012,4,119.0,0.2,380.8,PAYPAL,Tom B.
TXN-00987,2023-09-16,S004,P016,4,49.95,0.1,179.82,Credit Card,Priya M.
TXN-00198,20-Sep-2024,S003,P009,3,74.95,0.25,168.64,Credit Card,Lin W.
TXN-01110,2024-12-31,S008, P002 ,3,59.95,0,179.85,Debit Card,David N.
TXN-00543,01/25/2024,S002,P010,5,69.95,0,349.75,Cash,Lin W.
TXN-01115,06-Sep-2024,S002,P007,1,64.95,0.05,61.7,Apple Pay,David N.
TXN-00335,22-Aug-2024,S003,P015,4,44.95,NA,179.8,Debit Card,James T.
TXN-00639,2024-09-02,S003,P001,5,19.99,0,99.95,Gift Card,James T.
TXN-00045,07/03/2023,,P004,2,49.95,0.1,89.91,Cash,Carlos R.
TXN-00491,07/20/2024,S007, P004 ,3,49.95,0,149.85,GIFT CARD,David N.
TXN-01038,03/09/2023,S002,P003,2,129.0,0.15,219.3,Credit Card,Maria S.
TXN-00928,08/20/2024,S002,P007,3,64.95,0.25,146.14,PayPal,Tom B.
TXN-00063,08/24/2024,S005,P018,2,85.0,0,170.0,Cash,Tom B.
TXN-00133,2024-04-09,S004,P019,4,79.95,0,319.8,credit card,Tom B.
TXN-00457,11/02/2023,S003,P013,4,44.95,0.1,161.82,Credit Card,Lin W.
TXN-00983,06/24/2024,S004,P002,4,59.95,0.05,227.81,Debit Card,Priya M.
TXN-00250,02/01/2024,S007,P008,-5,89.95,0.1,404.78,Gift Card,Maria S.
TXN-00107,26-Jun-2023,S008,P007,1,64.95,0,64.95,GIFT CARD,James T.
TXN-00162,06-Jun-2024,S007,P004,1,49.95,0,49.95,Debit Card,Amy K.
TXN-01075,2023-07-06,S004,P019,5,79.95,0,399.75,Cash,Maria S.
TXN-00103,03/23/2023,S007,P020,2,59.95,0.1,107.91,Credit Card,
TXN-00979,2023-11-22,S002,P012,1,119.0,0,119.0,Cash,Amy K.
TXN-00597,09/11/2024,S004,P018,1,85.0,0,85.0,Apple Pay,David N.
TXN-00535,2024-04-14,S001,P013,3,44.95,0,134.85,Debit Card,Priya M.
TXN-00546,11-Sep-2023,S001,P005,3,34.99,0.25,78.73,Cash,Lin W.
TXN-00590,07-Nov-2024,S006,P002,2,59.95,0,119.9,Credit Card,Maria S.
TXN-00224,09/23/2023,S007,P011,2,198.0,0,396.0,Cash,Tom B.
TXN-00925,07/16/2023,S006,P008,5,89.95,0.05,427.26,Cash,David N.
TXN-00620,04/10/2024,S003, P010 ,5,69.95,0,349.75,credit card,Tom B.
TXN-00132,2024-07-31,S004,P020,1,59.95,0.25,44.96,Credit Card,David N.
TXN-01086,2024-08-08,S008,P008,2,89.95,0.05,170.91,Cash,Maria S.
TXN-00513,01/14/2024,S002,P011,2,198.0,0.1,356.4,Debit Card,
TXN-00835,09-Aug-2023,S001,P020,4,59.95,0.2,191.84,Gift Card,Lin W.
TXN-01172,02/16/2023,S006,P012,2,119.0,0.15,476.78,DEBIT CARD,
TXN-00049,17-Oct-2023,S008,P010,1,69.95,0.05,66.45,APPLE PAY,Amy K.
TXN-00230,30-May-2024,S004,P012,3,119.0,n/a,357.0,GIFT CARD,James T.
TXN-00150,08/03/2024,S002,P017,1,39.95,0.05,37.95,Apple Pay,Carlos R.
TXN-00176,06/11/2023,S001,P002,1,59.95,0.25,44.96,Credit Card,Maria S.
TXN-00796,03-Mar-2023,S007,P014,4,89.95,0.25,269.85,PayPal,Maria S.
TXN-00539,29-Feb-2024,S006,P005,3,34.99,0.15,89.22,PayPal,
TXN-00943,2024-05-26,S007,P009,5,74.95,0.2,299.8,PayPal,Lin W.
TXN-01186,11-Oct-2023,S003,P001,2,19.99,0,39.98,Credit Card,Carlos R.
TXN-00420,04/29/2023,S005,P018,1,85.0,0,85.0,Gift Card,David N.
TXN-00277,2024-02-11,S005,P018,4,85.0,0.15,289.0,Apple Pay,Amy K.
TXN-01108,23-Sep-2023,,P015,1,44.95,0,44.95,Credit Card,Maria S.
TXN-00232,21-Apr-2023,S001,P013,3,44.95,0,134.85,APPLE PAY,Maria S.
TXN-00292,26-Nov-2024,S005,P012,1,119.0,0.2,95.2,Cash,James T.
TXN-00932,08/14/2023,S007,P008,2,89.95,0.25,134.93,Debit Card,Lin W.
TXN-00827,07/27/2023,S002,P013,3,44.95,0.25,180.5,Gift Card,Lin W.
TXN-01198,02/07/2024,S006,P008,4,89.95,0.15,305.83,Cash,Tom B.
TXN-01102,2023-03-08,S008,P013,5,44.95,0.25,168.56,Apple Pay,Carlos R.
TXN-00249,2023-10-30,S003,P010,3,69.95,0,209.85,APPLE PAY,Maria S.
TXN-00623,18-Apr-2024,S003,P019,4,79.95,0,319.8,Gift Card,Carlos R.
TXN-00766,01/13/2023,S007,P020,3,59.95,0.2,143.88,PayPal,Tom B.
TXN-00604,03/13/2024,S007,P005,1,34.99,0.05,33.24,Debit Card,Maria S.
TXN-00840,2024-11-30,S008,P006,5,79.95,0.05,379.76,Credit Card,David N.
TXN-01037,14-Nov-2024,S001,P006,4,79.95,0.05,303.81,Credit Card,Maria S.
TXN-00586,06/09/2023,S007,P005,1,34.99,0,34.99,Debit Card,Maria S.
TXN-01005,05-Jul-2024,S002,P003,2,129.0,0.25,193.5,Gift Card,James T.
TXN-00706,03/04/2024,S004,P006,4,79.95,0,319.8,Credit Card,
TXN-01076,2024-07-17,S006,P019,1,79.95,0.1,71.95,PayPal,Carlos R.
TXN-00965,2023-07-26,S006,P011,1,198.0,0,198.0,PayPal,Tom B.
TXN-00771,13-Jul-2023,,P004,4,49.95,0.2,385.97,Gift Card,Priya M.
TXN-00902,12/07/2024,S004,P009,1,74.95,0.1,67.45,debit card,Carlos R.
TXN-00227,2023-02-25,S004,P017,1,39.95,0.2,31.96,Gift Card,Amy K.
TXN-00300,19-Sep-2024,S004,P009,1,74.95,0.2,59.96,PayPal,Carlos R.
TXN-01057,05/24/2023,S003,P017,4,39.95,0.25,119.85,Debit Card,Priya M.
TXN-00897,2024-09-08,S004,P016,4,49.95,0.15,169.83,Gift Card,Tom B.
TXN-00306,09/25/2024,S002,P008,2,89.95,,134.93,Apple Pay,James T.
TXN-00254,25-Sep-2024,S004,P011,3,198.0,0.15,504.9,Debit Card,Amy K.
TXN-00788,06/27/2024,S002,P008,2,89.95,0.1,161.91,Cash,Amy K.
TXN-00674,2024-10-13,S005,P020,4,59.95,0,239.8,Debit Card,Priya M.
TXN-00721,2024-07-06,S002,P020,5,59.95,0.15,254.79,PAYPAL,Lin W.
TXN-00289,05-Mar-2024,S006,P012,2,119.0,0.25,178.5,Debit Card,Priya M.
TXN-01073,07-Jan-2024,S006,P016,4,49.95,0.15,169.83,Apple Pay,Amy K.
TXN-00403,2024-05-26,S003,P018,3,85.0,0,255.0,Gift Card,Maria S.
TXN-00627,10-Dec-2024,S007, P016 ,4,49.95,0,199.8,CASH,Priya M.
TXN-00344,2024-10-14,,P014,1,89.95,0.15,193.35,PayPal,David N.
TXN-00942,06/25/2024,S002,P013,2,44.95,0,89.9,Gift Card,Amy K.
TXN-00574,2023-05-30,S002,P011,1,198.0,0.15,168.3,CASH,David N.
TXN-00894,07/23/2024,S007,P007,2,64.95,0,129.9,Cash,Amy K.
TXN-01058,06/18/2023,S007,P008,2,89.95,0,179.9,Gift Card,David N.
TXN-00297,09/03/2024,S005,P018,4,85.0,0,340.0,PayPal,Lin W.
TXN-00629,07/12/2023,S008,P019,1,79.95,0,79.95,Apple Pay,Carlos R.
TXN-00975,2024-01-13,S008, P018 ,4,85.0,0.2,272.0,APPLE PAY,David N.
TXN-00748,07/31/2024,S003,P016,2,49.95,0.25,74.93,Cash,David N.
TXN-00241,2023-11-20,S008,P019,4,79.95,0,319.8,gift card,Tom B.
TXN-00307,05/18/2023,S006,P015,2,44.95,0,89.9,Cash,Priya M.
TXN-01166,30-Oct-2023,S007, P004 ,5,49.95,0,249.75,cash,Lin W.
TXN-00212,06/19/2024,S006,P018,4,85.0,0.05,323.0,Gift Card,Maria S.
TXN-00691,2023-03-22,S002,P002,3,59.95,0.2,143.88,Cash,Tom B.
TXN-00424,11-Sep-2024,S001,P003,4,129.0,0,516.0,Gift Card,Lin W.
TXN-00892,2023-08-13,S001,P002,2,59.95,0.25,89.93,Credit Card,Maria S.
TXN-00165,17-Oct-2024,S007,P015,2,44.95,0.2,71.92,DEBIT CARD,Lin W.
TXN-00542,04/27/2024,S008,P003,3,129.0,0.2,309.6,Debit Card,Priya M.
TXN-00166,2023-11-30,S004,P009,1,74.95,0,74.95,Cash,Lin W.
TXN-00906,17-Apr-2023,,P003,4,129.0,0,516.0,PayPal,Maria S.
TXN-00359,08/14/2024,S003,P005,4,34.99,0.1,125.96,PayPal,Priya M.
TXN-00377,12/04/2023,S001,P002,4,59.95,0.1,215.82,Apple Pay,Lin W.
TXN-01068,2024-10-20,S004,P019,2,79.95,n/a,159.9,debit card,Carlos R.
TXN-00009,15-Jun-2023,S002,P010,5,69.95,0.05,332.26,Cash,Lin W.
TXN-00478,08-Nov-2023,S006,P006,1,79.95,0,79.95,Debit Card,Amy K.
TXN-00782,03/10/2023,S006, P002 ,4,59.95,0,239.8,PayPal,David N.
TXN-00380,06-Mar-2023,S001, P007 ,1,64.95,0.05,61.7,Gift Card,Tom B.
TXN-00712,10-Feb-2023,S004,P018,5,85.0,0,425.0,PayPal,Maria S.
TXN-01167,26-Mar-2023,S004,P011,3,198.0,0,594.0,Credit Card,
TXN-00211,2024-04-01,S007,P006,3,79.95,0.2,191.88,Debit Card,David N.
TXN-00933,29-Jan-2024,S002,P014,4,89.95,0.25,269.85,APPLE PAY,Lin W.
TXN-01176,2023-03-13,S003, P008 ,2,89.95,NA,161.91,CREDIT CARD,David N.
TXN-01112,12-Sep-2023,S007, P010 ,5,69.95,0.2,279.8,paypal,
TXN-00861,25-Jan-2023,S003,P013,5,44.95,0.2,179.8,Gift Card,Lin W.
TXN-00966,2024-04-12,S004, P014 ,1,89.95,0.25,67.46,PAYPAL,Amy K.
TXN-00921,18-Nov-2024,S007,P002,3,59.95,0.2,143.88,Debit Card,Maria S.
TXN-00929,2023-02-25,S006,P004,2,49.95,0,99.9,Cash,James T.
TXN-00666,2023-10-05,S006,P010,5,69.95,0,349.75,Apple Pay,James T.
TXN-00885,17-Aug-2023,,P005,3,34.99,0,104.97,Debit Card,Tom B.
TXN-00651,2023-11-08,S001,P002,3,59.95,0,179.85,Credit Card,James T.
TXN-00113,16-Mar-2023,S005,P016,2,49.95,0.2,79.92,Gift Card,Amy K.
TXN-00081,09/13/2024,S001,P003,3,129.0,0.25,290.25,Gift Card,Priya M.
TXN-00452,17-Jun-2023,S001,P008,2,89.95,0,179.9,CASH,Tom B.
TXN-00795,2024-04-24,S006,P012,4,119.0,0.05,452.2,Cash,
TXN-00191,2023-03-03,S002,P007,5,64.95,0.05,308.51,GIFT CARD,Priya M.
TXN-00632,2024-02-26,S002,P003,1,129.0,0,129.0,PayPal,
TXN-00774,03-Feb-2023,S006,P006,2,79.95,0.25,119.93,Credit Card,James T.
TXN-00579,02-Dec-2024,S007,P017,2,39.95,0.25,59.93,PayPal,Tom B.
TXN-00809,04/25/2024,S008,P005,5,34.99,0,174.95,Gift Card,Amy K.
TXN-00977,2023-02-09,S001,P011,2,198.0,0.1,356.4,Cash,Priya M.
TXN-00757,2024-02-19,S002, P015 ,1,44.95,0.15,38.21,APPLE PAY,James T.
TXN-00603,2024-05-05,S008, P019 ,-4,79.95,0,319.8,Cash,Amy K.
TXN-00039,12/14/2024,S007,P013,2,44.95,0,89.9,Credit Card,Carlos R.
TXN-00204,12-Nov-2024,S007, P016 ,3,49.95,0,149.85,Debit Card,David N.
TXN-00482,12/29/2024,S008,P014,2,89.95,0,179.9,Gift Card,Lin W.
TXN-00996,2024-08-19,S004,P014,3,89.95,0,444.25,PayPal,James T.
TXN-00845,18-Nov-2023,,P007,1,64.95,0.1,58.46,APPLE PAY,Lin W.
TXN-01012,2023-06-12,S005,P006,5,79.95,0.1,359.78,Cash,Priya M.
TXN-00362,2024-10-25,S003,P010,2,69.95,0,139.9,Credit Card,Maria S.
TXN-00251,2024-04-04,S008,P008,3,89.95,0.05,256.36,CASH,
TXN-00417,2023-04-03,S004,P019,2,79.95,0,159.9,Credit Card,David N.
TXN-00024,04/16/2024,S002,P013,1,44.95,,33.71,Debit Card,
TXN-00034,11/02/2023,S001,P019,4,79.95,0.25,239.85,Cash,Maria S.
TXN-00339,12-Oct-2023,S002,P020,5,59.95,0,709.55,PayPal,Carlos R.
TXN-00264,04/18/2024,S007,P009,3,74.95,0,224.85,Gift Card,David N.
TXN-01049,18-Aug-2023,S007,P018,2,85.0,0,170.0,debit card,Lin W.
TXN-00708,05-Apr-2024,S001,P003,3,129.0,0.25,290.25,Apple Pay,Priya M.
TXN-00879,01/17/2023,S003,P005,5,34.99,0,174.95,Credit Card,Carlos R.
TXN-00356,04/17/2024,S002, P011 ,5,198.0,0,990.0,PayPal,Amy K.
TXN-00994,2023-04-10,S008,P005,2,34.99,0.05,66.48,Cash,Carlos R.
TXN-01170,22-Oct-2023,S001,P008,-1,89.95,N/A,89.95,Gift Card,Maria S.
TXN-01055,09-Feb-2023,S003,P011,5,198.0,0.05,940.5,apple pay,Tom B.
TXN-00904,11/19/2024,S007,P012,4,119.0,0.15,404.6,Debit Card,Amy K.
TXN-00792,11/06/2024,S004,P006,3,79.95,0.25,179.89,Credit Card,Tom B.
TXN-00461,02-Mar-2024,S008,P006,2,79.95,0.2,127.92,Credit Card,Maria S.
TXN-00608,2024-10-31,S008,P014,4,89.95,0.2,287.84,Debit Card,David N.
TXN-00459,04/24/2024,S008,P008,2,89.95,0.25,134.93,Cash,James T.
TXN-00587,2024-09-24,S005,P010,4,69.95,0,279.8,Debit Card,Priya M.
TXN-00305,06/21/2023,S004,P004,2,49.95,0.2,79.92,Credit Card,David N.
TXN-00992,01/25/2024,S005,P019,2,79.95,0.2,127.92,Credit Card,David N.
TXN-00909,03/08/2024,S003,P003,1,129.0,0.1,116.1,CREDIT CARD,Tom B.
TXN-00917,2023-09-07,S002,P009,3,74.95,0.25,168.64,PayPal,Priya M.
TXN-01080,29-Sep-2023,S001,P018,2,85.0,0,170.0,Credit Card,Maria S.
TXN-00682,08/07/2024,S002,P011,2,198.0,0.25,297.0,Debit Card,Carlos R.
TXN-00854,08-Sep-2024,S006, P015 ,1,44.95,0.25,87.0,Debit Card,James T.
TXN-00834,2024-10-27,S007,P003,2,129.0,0,258.0,PayPal,Tom B.
TXN-00314,2024-07-12,S006,P014,4,89.95,0.15,589.25,PayPal,
TXN-01135,08/23/2023,S006,P018,5,85.0,0,425.0,paypal,Amy K.
TXN-00476,14-Oct-2023,S007,P018,3,85.0,0.15,216.75,CREDIT CARD,David N.
TXN-00575,08/08/2024,S005,P019,4,79.95,0,319.8,Apple Pay,David N.
TXN-00853,2024-04-18,S001,P005,3,34.99,0.1,94.47,CASH,Lin W.
TXN-00144,20-Jul-2024,S001,P019,2,79.95,0,159.9,Cash,Maria S.
TXN-00002,12/15/2024,S007,P008,4,89.95,0.1,323.82,Debit Card,Maria S.
TXN-01161,2023-07-07,S006,P018,5,85.0,0.2,340.0,Apple Pay,Carlos R.
TXN-00729,17-Apr-2024,S008,P018,4,85.0,0.15,289.0,Cash,Carlos R.
TXN-00008,10/28/2023,S001,P004,5,49.95,0.1,224.78,CREDIT CARD,David N.
TXN-00492,02/21/2024,S002,P008,5,89.95,0,449.75,PayPal,Amy K.
TXN-01052,05/14/2023,S004,P018,4,85.0,0.1,306.0,Apple Pay,Amy K.
TXN-00468,12/29/2024,S006,P020,4,59.95,0,239.8,Apple Pay,Amy K.
TXN-00656,2023-12-08,S007,P007,2,64.95,0.2,103.92,paypal,Priya M.
TXN-00577,12/29/2023,S004,P020,4,59.95,0.25,179.85,Gift Card,Lin W.
TXN-00290,30-May-2023,S005,P008,5,89.95,0.2,359.8,Debit Card,Priya M.
TXN-00401,10/19/2023,S008,P012,3,119.0,0,357.0,Cash,Lin W.
TXN-00388,01/30/2023,S008,P002,1,59.95,0,59.95,DEBIT CARD,Lin W.
TXN-01014,24-Jan-2023,S006,P011,5,198.0,0,990.0,Debit Card,Amy K.
TXN-00358,09/02/2024,S003,P010,4,69.95,0,279.8,apple pay,James T.
TXN-00995,03-Jul-2024,S004,P020,1,59.95,0,165.65,paypal,Amy K.
TXN-00025,2023-09-25,S006,P017,4,39.95,0.15,135.83,credit card,Maria S.
TXN-00852,05/27/2023,S002,P008,4,89.95,0.15,305.83,APPLE PAY,Tom B.
TXN-00071,2024-04-10,S006,P002,4,59.95,n/a,215.82,Credit Card,Carlos R.
TXN-00601,2024-06-23,S007,P008,-4,89.95,0.2,287.84,Apple Pay,James T.
TXN-00124,22-Oct-2023,S007,P013,3,44.95,0,134.85,Credit Card,Amy K.
TXN-00916,26-Dec-2024,S001,P015,4,44.95,0.15,152.83,Credit Card,Priya M.
TXN-00970,09/09/2023,,P001,4,19.99,0,79.96,APPLE PAY,David N.
TXN-00149,07/19/2024,S002,P002,1,59.95,0.2,47.96,GIFT CARD,Priya M.
TXN-00128,04/26/2023,S008,P005,5,34.99,0.25,131.21,Debit Card,Amy K.
TXN-00239,13-Dec-2023,S002,P009,3,74.95,0,224.85,apple pay,Carlos R.
TXN-00187,2023-09-08,S002,P008,5,89.95,0,449.75,Credit Card,Maria S.
TXN-01094,2023-01-03,,P004,2,49.95,0.1,89.91,GIFT CARD,Tom B.
TXN-00850,2023-03-10,S004,P003,1,129.0,0,129.0,Gift Card,Lin W.
TXN-00593,04-Apr-2024,S004,P014,5,89.95,0.1,404.78,cash,
TXN-00805,2023-01-10,S006,P002,2,59.95,0.05,113.91,PAYPAL,Lin W.
TXN-00617,22-Feb-2024,S006,P013,3,44.95,NA,134.85,Cash,
TXN-00689,2024-03-25,S001,P008,1,89.95,0,89.95,Debit Card,Maria S.
TXN-00525,03/04/2024,S007,P013,2,44.95,0,89.9,PayPal,Lin W.
TXN-00032,10/14/2024,S008,P006,4,79.95,0.25,239.85,Debit Card,Amy K.
TXN-00193,2023-07-27,S006,P011,4,198.0,0.1,712.8,Credit Card,Carlos R.
TXN-00843,30-Jul-2024,S008,P019,1,79.95,0,79.95,PayPal,David N.
TXN-01139,10/08/2023,S006,P016,5,49.95,0,249.75,Credit Card,Tom B.
TXN-00392,02-Jun-2023,S004,P008,3,89.95,0.2,215.88,paypal,Carlos R.
TXN-01149,01/07/2024,S002,P012,1,119.0,,101.15,Debit Card,Priya M.
TXN-00646,08/04/2024,S001,P011,1,198.0,0.15,168.3,Gift Card,Carlos R.
TXN-00940,2023-07-11,S008,P018,3,85.0,0,255.0,PayPal,Lin W.
TXN-00618,2024-10-31,S008,P003,1,129.0,0.05,122.55,Apple Pay,Carlos R.
TXN-00119,01/18/2023,S005,P019,3,79.95,0.25,179.89,GIFT CARD,Amy K.
TXN-00208,04/06/2023,S006,P006,4,79.95,,319.8,PayPal,
TXN-00317,10/19/2024,,P016,2,49.95,0.25,74.93,PayPal,James T.
TXN-00710,2023-05-27,S007,P010,3,69.95,0.2,167.88,Debit Card,David N.
TXN-00716,03/10/2023,S004,P003,5,129.0,0.05,612.75,Gift Card,Maria S.
TXN-00899,2023-02-05,S006,P003,3,129.0,0.2,309.6,Cash,Maria S.
TXN-00702,2024-10-26,S006,P007,4,64.95,0,259.8,Gift Card,Lin W.
TXN-00647,2023-07-22,,P019,4,79.95,0.2,255.84,cash,David N.
TXN-00213,2023-06-27,S001,P017,5,39.95,0,199.75,Gift Card,James T.
TXN-00653,2023-03-21,S005,P003,3,129.0,,367.65,APPLE PAY,Carlos R.
TXN-00243,26-Oct-2023,S002,P008,1,89.95,0.15,76.46,apple pay,David N.
TXN-01128,2024-07-03,S005,P018,5,85.0,0.2,340.0,Credit Card,Maria S.
TXN-00431,01-Nov-2023,S002,P018,2,85.0,0.1,153.0,Credit Card,Amy K.
TXN-00558,2023-03-31,S007,P008,2,89.95,0.1,161.91,Cash,James T.
TXN-01060,09/27/2023,S007,P012,3,119.0,0,357.0,paypal,Tom B.
TXN-00487,2023-01-20,S001,P019,5,79.95,0.05,379.76,PayPal,Tom B.
TXN-00637,2024-03-23,S003, P011 ,2,198.0,0,396.0,credit card,James T.
TXN-00548,03-Aug-2023,S002, P004 ,-5,49.95,0.15,212.29,Cash,Lin W.
TXN-00544,03/01/2024,S001,P001,5,19.99,0.15,84.96,Gift Card,
TXN-00939,2023-08-30,S003,P010,5,69.95,0.25,262.31,Debit Card,Priya M.
TXN-00713,2024-12-24,S008,P017,2,39.95,0.25,59.93,Credit Card,Amy K.
TXN-00348,06/21/2024,S008,P008,3,89.95,0.25,202.39,debit card,Amy K.
TXN-00472,28-Mar-2024,S002,P007,3,64.95,0,194.85,Apple Pay,Amy K.
TXN-01077,10/22/2024,S005,P009,4,74.95,0,299.8,Apple Pay,Tom B.
TXN-00783,11-Feb-2023,S005,P006,2,79.95,0.05,151.91,Debit Card,Tom B.
TXN-01035,21-Feb-2024,S005,P003,5,129.0,0.2,516.0,cash,Priya M.
TXN-00399,2024-07-08,S004,P017,1,39.95,,35.96,Apple Pay,Priya M.
TXN-00999,2024-03-21,S003,P007,1,64.95,0,64.95,Credit Card,Priya M.
TXN-00449,31-May-2024,S004, P016 ,3,49.95,0,149.85,Cash,Maria S.
TXN-00136,07/11/2024,S004,P001,1,19.99,0.1,17.99,Apple Pay,Tom B.
TXN-00927,05-Oct-2023,S008,P012,2,119.0,0.2,190.4,Apple Pay,Tom B.
TXN-00789,09/01/2024,S003,P020,2,59.95,0.15,101.92,Apple Pay,Tom B.
TXN-01147,08/28/2024,S008,P018,3,85.0,,255.0,PayPal,Priya M.
TXN-00818,2023-06-14,S002,P002,4,59.95,0,239.8,Gift Card,Lin W.
TXN-00082,07/29/2023,S005,P002,2,59.95,0.2,95.92,Credit Card,Maria S.
TXN-00237,02/15/2024,S005,P003,3,129.0,0.15,328.95,Credit Card,Lin W.
TXN-00496,06/27/2023,S001,P020,4,59.95,0,239.8,Apple Pay,Maria S.
TXN-00503,2023-12-15,S006,P009,2,74.95,0,149.9,Debit Card,Tom B.
TXN-01119,01/21/2024,S002,P008,3,89.95,0,269.85,Apple Pay,Priya M.
TXN-00169,05/18/2024,S007,P018,5,85.0,0.25,318.75,Apple Pay,
TXN-00901,03/18/2024,S002,P013,4,44.95,N/A,179.8,Gift Card,Maria S.
TXN-00221,2023-01-09,S001,P001,4,19.99,0,79.96,PayPal,Lin W.
TXN-00486,26-Jan-2023,S001,P015,3,44.95,0,134.85,Apple Pay,Lin W.
TXN-00536,09/06/2024,S002,P018,5,85.0,0,425.0,Credit Card,Amy K.
TXN-00951,19-Jun-2023,S001,P009,4,74.95,0,299.8,GIFT CARD,Carlos R.
TXN-00038,21-Jun-2023,S002,P019,2,79.95,0.25,119.93,Cash,
TXN-00416,06-Nov-2024,S008,P014,1,89.95,n/a,85.45,Credit Card,James T.
TXN-01101,14-Nov-2024,S002,P019,3,79.95,0,239.85,debit card,David N.
TXN-00663,11/26/2024,S007, P004 ,3,49.95,0.25,112.39,Cash,Lin W.
TXN-00581,05/09/2024,S002,P011,2,198.0,0,396.0,CASH,Amy K.
TXN-00545,23-Dec-2023,S007,P019,2,79.95,NA,413.15,Cash,Priya M.
TXN-00474,11/29/2024,S003, P014 ,4,89.95,0.2,287.84,PayPal,Tom B.
TXN-00414,01/18/2023,S002,P014,4,89.95,0,359.8,Debit Card,James T.
TXN-00636,2023-08-25,S007,P006,4,79.95,0.15,271.83,GIFT CARD,Lin W.
TXN-00441,2023-04-03,S008,P013,1,44.95,0.2,35.96,Cash,Amy K.
TXN-00734,28-Jul-2024,S007,P019,3,79.95,0.15,203.87,Cash,Priya M.
TXN-00770,05/21/2024,S006, P017 ,5,39.95,0.2,159.8,Gift Card,Carlos R.
TXN-01136,2023-12-20,S007, P015 ,4,44.95,0.1,161.82,Gift Card,James T.
TXN-00586,06/09/2023,S007,P005,1,34.99,0,34.99,Debit Card,Maria S.
TXN-00207,14-Aug-2024,S007, P012 ,5,119.0,0.2,476.0,Gift Card,James T.
TXN-00076,04/09/2024,S004,P014,4,89.95,0.05,341.81,CASH,Priya M.
TXN-00315,2023-08-16,S001,P017,2,39.95,0.1,71.91,CASH,Maria S.
TXN-00154,01/06/2023,S003,P013,3,44.95,0.15,114.62,Credit Card,James T.
TXN-00092,15-May-2023,S002,P017,5,39.95,0,199.75,PayPal,David N.
TXN-00678,12/15/2024,S008, P013 ,4,44.95,0,179.8,Debit Card,Amy K.
TXN-00747,17-Dec-2024,S004,P014,3,89.95,0.1,242.87,Cash,Carlos R.
TXN-00140,01-Mar-2023,S008,P008,2,89.95,0.1,161.91,Gift Card,Lin W.
TXN-00099,2024-04-26,S002,P017,3,39.95,N/A,119.85,Gift Card,Maria S.
TXN-00930,2024-03-16,S001,P001,1,19.99,0.15,16.99,Cash,Amy K.
TXN-00668,10/05/2024,S004,P010,3,69.95,0,209.85,PayPal,Amy K.
TXN-00888,09/13/2024,S002,P009,4,74.95,N/A,269.82,Apple Pay,Carlos R.
TXN-00638,08/16/2023,S003,P015,3,44.95,0,134.85,Apple Pay,
TXN-00073,2023-09-29,S006,P008,5,89.95,0.15,382.29,Debit Card,Maria S.
TXN-00016,16-Aug-2024,S008,P005,2,34.99,0.1,62.98,credit card,Carlos R.
TXN-00683,2024-05-25,S002,P005,5,34.99,0.1,157.46,credit card,James T.
TXN-00214,11-Feb-2024,S005,P011,1,198.0,0,198.0,PayPal,Priya M.
TXN-01144,07-Mar-2024,S002,P019,5,79.95,0,718.68,Cash,Tom B.
TXN-00173,10-May-2023,S002,P005,4,34.99,0,139.96,Apple Pay,Amy K.
TXN-00260,2024-07-22,S005,P005,3,34.99,0.15,89.22,PAYPAL,Maria S.
TXN-00019,10-Jul-2024,S002,P008,3,89.95,0.1,242.87,Gift Card,Lin W.
TXN-00141,22-Jan-2024,S006,P003,5,129.0,0.05,612.75,CASH,Maria S.
TXN-00831,15-Jun-2024,S008,P014,5,89.95,0.05,427.26,Debit Card,Priya M.
TXN-00001,15-Apr-2023,S002,P001,3,19.99,N/A,56.97,Debit Card,
TXN-00823,2024-09-08,S002,P016,5,49.95,0.2,199.8,Credit Card,Priya M.
TXN-00489,07/07/2023,S002,P004,5,49.95,0,249.75,Debit Card,Amy K.
TXN-00062,2024-11-30,S003,P006,2,79.95,0,159.9,PayPal,Priya M.
TXN-00846,2024-12-16,S007,P017,5,39.95,0,199.75,APPLE PAY,David N.
TXN-01063,17-Jan-2023,S002,P008,4,89.95,0.25,548.01,Credit Card,David N.
TXN-00367,2024-10-01,S008,P019,2,79.95,0,159.9,APPLE PAY,Amy K.
TXN-00509,02-May-2024,S004,P007,1,64.95,0.15,55.21,Apple Pay,Carlos R.
TXN-00561,26-Oct-2023,S002,P009,5,74.95,0.25,281.06,GIFT CARD,Carlos R.
TXN-01103,05/11/2024,S002,P005,2,34.99,0.25,52.48,Credit Card,Amy K.
TXN-00329,24-Jul-2024,S003,P014,2,89.95,0,179.9,CREDIT CARD,David N.
TXN-00606,04/17/2023,S003, P014 ,2,89.95,0.1,161.91,Cash,
TXN-00217,03/29/2024,S008,P004,2,49.95,0,99.9,Apple Pay,Amy K.
TXN-00607,2024-05-04,S003,P005,3,34.99,0,104.97,Gift Card,Priya M.
TXN-00385,10/17/2024,S005,P014,4,89.95,0,359.8,Debit Card,Carlos R.
TXN-00739,04/07/2023,S006,P017,2,39.95,0,79.9,cash,Amy K.
TXN-00591,06-Jan-2024,S002,P004,1,49.95,0,49.95,Cash,David N.
TXN-01089,08/20/2024,S004,P019,5,79.95,0.15,339.79,Apple Pay,Lin W.
TXN-00687,09/14/2024,S004,P001,1,19.99,NA,19.99,PayPal,Carlos R.
TXN-00584,2024-03-20,S002,P015,4,44.95,0,179.8,Cash,Lin W.
TXN-00018,10/22/2024,S006,P008,3,89.95,N/A,215.88,Apple Pay,Lin W.
TXN-00279,03/07/2023,S001,P003,2,129.0,NA,193.5,CREDIT CARD,Priya M.
TXN-00956,13-Jun-2023,S007, P008 ,3,89.95,0.05,256.36,cash,Lin W.
TXN-00338,05/24/2024,S003,P007,1,64.95,0.1,58.46,GIFT CARD,Maria S.
TXN-00351,2023-06-02,S005,P018,3,85.0,0.25,191.25,CASH,James T.
TXN-00690,2024-01-01,S002,P003,3,129.0,0.05,367.65,Apple Pay,Tom B.
TXN-01090,2023-09-23,S006,P013,3,44.95,0,134.85,credit card,Carlos R.
TXN-00785,29-Mar-2024,S008,P010,-5,69.95,0,349.75,Credit Card,Priya M.
TXN-00580,21-Nov-2024,S006, P008 ,5,89.95,0,449.75,Debit Card,Tom B.
TXN-01079,16-Aug-2024,S008,P004,2,49.95,N/A,74.93,Debit Card,David N.
TXN-00997,16-Feb-2023,S001,P009,2,74.95,0,388.03,Debit Card,Lin W.
TXN-00275,14-Dec-2024,S007,P008,4,89.95,0.2,287.84,PAYPAL,David N.
TXN-01029,2024-08-10,S006,P019,5,79.95,0,399.75,Cash,Amy K.
TXN-00439,04/26/2023,S005,P019,1,79.95,0.25,59.96,Apple Pay,David N.
TXN-00089,13-Dec-2023,S003,P012,3,119.0,0.1,321.3,Gift Card,Priya M.
TXN-01050,16-Mar-2023,S008,P004,3,49.95,0.2,119.88,apple pay,Lin W.
TXN-00069,11/08/2023,S005,P014,1,89.95,0,89.95,Credit Card,Maria S.
TXN-00998,2023-03-06,S004,P012,3,119.0,0.2,285.6,APPLE PAY,Lin W.
TXN-00642,2023-05-22,S004,P012,1,119.0,0.05,113.05,Cash,Maria S.
TXN-00960,31-Oct-2024,S003,P016,4,49.95,0.15,169.83,Cash,Amy K.
TXN-00938,02/24/2024,S005,P005,4,34.99,0.1,125.96,DEBIT CARD,Lin W.
TXN-00819,26-May-2023,S003,P013,1,44.95,0,44.95,Gift Card,Carlos R.
TXN-01162,07-Oct-2023,S004,P011,2,198.0,0.2,316.8,Gift Card,Maria S.
TXN-00583,2024-05-14,S004,P003,5,129.0,0,645.0,Credit Card,Priya M.
TXN-00258,03-Feb-2024,S007,P015,4,44.95,0.2,143.84,CREDIT CARD,
TXN-00327,12/16/2023,S005,P013,1,44.95,0.1,40.46,DEBIT CARD,Carlos R.
TXN-00371,17-Sep-2024,S006,P017,1,39.95,0,39.95,Gift Card,David N.
TXN-00047,02-May-2023,S001,P005,2,34.99,0.1,62.98,Debit Card,James T.
TXN-00488,02/16/2023,S002,P018,5,85.0,0.15,361.25,PAYPAL,Priya M.
TXN-00810,2024-11-06,S004,P005,2,34.99,0,69.98,Debit Card,Lin W.
TXN-00284,28-Dec-2023,S002,P013,2,44.95,0.05,85.41,Gift Card,David N.
TXN-00749,23-Apr-2024,S006,P004,2,49.95,0.15,84.92,DEBIT CARD,Amy K.
TXN-00322,2023-03-29,S008,P002,2,59.95,0.05,113.91,Debit Card,David N.
TXN-00065,14-Sep-2023,S004,P020,3,59.95,0.05,170.86,PayPal,
TXN-00396,2024-09-25,S006,P002,1,59.95,0.2,47.96,Gift Card,David N.
TXN-01083,07/23/2023,S003,P019,3,79.95,,239.85,Cash,James T.
TXN-00673,2024-04-30,S002,P017,1,39.95,0.05,37.95,credit card,Carlos R.
TXN-00485,11/14/2024,S008,P020,2,59.95,0,119.9,gift card,Tom B.
TXN-00738,2024-03-10,S003,P001,3,19.99,0.25,44.98,Apple Pay,David N.
TXN-00849,2023-10-12,S005,P014,1,89.95,0.2,71.96,Gift Card,Priya M.
TXN-00585,15-May-2024,S003,P007,4,64.95,0.1,233.82,Gift Card,James T.
TXN-01011,07/18/2023,S003,P018,4,85.0,0.25,255.0,PayPal,Carlos R.
TXN-00409,2024-04-19,,P002,3,59.95,0.1,161.87,PAYPAL,Tom B.
TXN-00680,21-Apr-2023,S002,P015,3,44.95,0,134.85,CASH,Lin W.
TXN-00294,03/31/2024,S006,P011,3,198.0,0.1,534.6,Cash,Priya M.
TXN-00804,20-Mar-2024,S007,P004,3,49.95,0.15,127.37,credit card,Amy K.
TXN-00521,03/29/2023,S004,P017,5,39.95,0.25,149.81,Cash,
TXN-00059,13-Apr-2023,S001,P005,5,34.99,0.15,148.71,GIFT CARD,James T.
TXN-00677,02-Nov-2024,S007,P017,1,39.95,0,39.95,Cash,Lin W.
TXN-01061,07-May-2024,S004,P010,5,69.95,0,964.56,CREDIT CARD,James T.
TXN-01098,04-May-2023,,P020,3,59.95,0.25,134.89,Debit Card,Maria S.
TXN-00395,15-Dec-2024,S006,P017,1,39.95,0.1,35.96,Cash,
TXN-00794,09-Aug-2024,S004,P018,-1,85.0,0.25,63.75,Cash,
TXN-00226,12/06/2023,S002,P008,3,89.95,0.05,256.36,Gift Card,Amy K.
TXN-00074,2023-02-01,S004,P020,1,59.95,0.1,53.96,Apple Pay,Tom B.
TXN-00676,24-Apr-2024,S001,P020,4,59.95,0,239.8,DEBIT CARD,David N.
TXN-00910,05/26/2024,S008,P020,5,59.95,0,299.75,Credit Card,Tom B.
TXN-00014,07/07/2023,S004,P007,2,64.95,0.25,97.43,gift card,Lin W.
TXN-00153,27-Nov-2024,S008,P008,3,89.95,0.2,215.88,DEBIT CARD,Priya M.
TXN-00332,2023-03-09,S001,P009,4,74.95,0.05,284.81,Debit Card,Carlos R.
TXN-00115,06/11/2024,S006,P019,3,79.95,0.05,227.86,gift card,Lin W.
TXN-00669,02/25/2024,,P015,3,44.95,0.2,107.88,Gift Card,Tom B.
TXN-00125,16-Nov-2024,S005,P005,1,34.99,0.05,33.24,Credit Card,Carlos R.
TXN-00791,11/26/2023,S004,P007,3,64.95,0.1,175.37,Credit Card,David N.
TXN-01053,29-Aug-2023,S008, P002 ,4,59.95,0,239.8,Debit Card,David N.
TXN-00973,2023-03-30,S007,P007,5,64.95,0.1,292.28,PayPal,Maria S.
TXN-00239,13-Dec-2023,S002,P009,3,74.95,0,224.85,apple pay,Carlos R.
TXN-00878,01/30/2024,S007,P015,4,44.95,0.25,134.85,Debit Card,Lin W.
TXN-01026,16-Mar-2024,S003,P007,3,64.95,0.15,165.62,Credit Card,David N.
TXN-00323,2024-07-04,S005,P015,4,44.95,0,426.94,Debit Card,David N.
TXN-00686,2024-05-05,S001,P012,1,119.0,,95.2,PAYPAL,James T.
TXN-00498,05/20/2024,,P007,-1,64.95,0.1,58.46,Debit Card,Carlos R.
TXN-01177,2023-04-30,S007,P017,-3,39.95,0.05,113.86,Debit Card,Maria S.
TXN-00242,2024-01-08,S005,P017,5,39.95,0.05,189.76,Cash,Tom B.
TXN-00848,2024-09-05,S004,P012,4,119.0,0,476.0,Debit Card,Lin W.
TXN-00108,2023-08-18,S005,P010,2,69.95,0,139.9,PayPal,David N.
TXN-00283,07/30/2024,S005,P018,5,85.0,0.1,382.5,Gift Card,
TXN-00504,2024-12-11,S002,P003,1,129.0,0,129.0,CASH,Priya M.
TXN-00813,09/19/2023,S008,P004,3,49.95,0.15,127.37,Debit Card,David N.
TXN-00701,2024-01-13,S007,P012,4,119.0,0.1,428.4,Debit Card,Maria S.
TXN-01137,2024-07-19,,P003,4,129.0,0.05,490.2,Apple Pay,Tom B.
TXN-00557,12-Aug-2024,S003,P018,4,85.0,0,340.0,Debit Card,David N.
TXN-00114,09/05/2023,S006,P013,2,44.95,NA,76.42,Cash,James T.
TXN-00235,18-Mar-2023,S002,P019,4,79.95,0,319.8,PayPal,
TXN-00137,14-Apr-2023,,P020,1,59.95,N/A,56.95,Credit Card,Carlos R.
TXN-00502,2023-09-13,S002,P019,1,79.95,0.05,75.95,Credit Card,Priya M.
TXN-00981,20-Feb-2024,S001,P004,4,49.95,0,199.8,Cash,Tom B.
TXN-00497,01-Jul-2023,S008, P004 ,3,49.95,0.2,119.88,GIFT CARD,David N.
TXN-00798,2023-12-05,S007,P009,4,74.95,0.25,224.85,Apple Pay,Lin W.
TXN-01091,05-Sep-2024,S004, P018 ,4,85.0,0.1,306.0,Debit Card,Maria S.
TXN-00762,12/01/2023,,P020,2,59.95,0.25,89.93,Credit Card,Maria S.
TXN-00433,07-Nov-2024,S003,P001,5,19.99,0,99.95,Debit Card,Tom B.
TXN-00692,2024-05-25,S001,P008,4,89.95,0.25,559.64,Credit Card,James T.
TXN-01069,21-Jun-2024,S003,P004,3,49.95,0.1,134.87,PayPal,Amy K.
TXN-00773,31-Jul-2023,S004,P011,2,198.0,0.1,356.4,Credit Card,James T.
TXN-00118,12/31/2024,S007,P017,1,39.95,0,39.95,Debit Card,Maria S.
TXN-00830,2023-08-13,S003,P009,1,74.95,0.25,56.21,Apple Pay,Carlos R.
TXN-00725,2024-04-14,S005,P011,4,198.0,0,792.0,Cash,Amy K.
TXN-00366,12/28/2023,S001,P016,4,49.95,0.25,149.85,GIFT CARD,David N.
TXN-00378,07/02/2024,S004,P001,4,19.99,0.25,59.97,paypal,James T.
TXN-01045,2023-04-21,S004, P009 ,1,74.95,0.2,59.96,PayPal,Tom B.
TXN-01133,11/11/2024,S002,P015,4,44.95,0.2,143.84,Debit Card,Carlos R.
TXN-01131,11/29/2023,S003,P010,2,69.95,NA,139.9,PayPal,Carlos R.
TXN-00520,12/21/2023,S003,P018,3,85.0,,255.0,Cash,Amy K.
TXN-00599,18-Aug-2024,S004,P015,2,44.95,0.15,76.42,Debit Card,Amy K.
TXN-00218,27-Dec-2024,S006,P002,5,59.95,0,299.75,Cash,James T.
TXN-00035,11/26/2024,S007,P016,1,49.95,0.2,39.96,Apple Pay,David N.
TXN-01042,23-Apr-2024,S006,P006,2,79.95,0.15,135.91,Credit Card,Priya M.
TXN-00331,29-May-2024,S004,P001,3,19.99,0,59.97,Debit Card,Tom B.
TXN-00062,2024-11-30,S003,P006,2,79.95,0,159.9,PayPal,Priya M.
TXN-01171,07/09/2024,S007,P002,5,59.95,0.1,269.78,Credit Card,James T.
TXN-00444,27-Jun-2023,S007,P011,4,198.0,0.25,594.0,Cash,Lin W.
TXN-00430,08-Dec-2024,S007,P011,5,198.0,0,990.0,Credit Card,Tom B.
TXN-00298,06/09/2023,,P015,3,44.95,0.15,114.62,Cash,Priya M.
TXN-00269,06/12/2024,S006,P019,1,79.95,0.1,71.95,Debit Card,Priya M.
TXN-00538,05/21/2023,S005,P008,4,89.95,0.05,341.81,Credit Card,James T.
TXN-01114,02/09/2024,S004, P020 ,1,59.95,0.2,47.96,Cash,Lin W.
TXN-00665,2023-02-11,S008,P010,1,69.95,0.1,62.96,gift card,
TXN-00411,2024-08-18,S002,P012,5,119.0,0,595.0,Debit Card,Amy K.
TXN-00980,2024-02-18,S002,P018,5,85.0,0.1,382.5,credit card,Amy K.
TXN-00825,04/12/2024,S006,P004,3,49.95,0.2,119.88,Apple Pay,Maria S.
TXN-00529,18-Apr-2023,S004,P016,4,49.95,0,199.8,Credit Card,David N.
TXN-00537,08/22/2024,S006,P016,1,49.95,0.15,42.46,PayPal,Maria S.
TXN-00891,08-Jun-2023,S007,P018,1,85.0,0.2,68.0,Apple Pay,Priya M.
TXN-01010,05/06/2023,S003,P005,1,34.99,0,34.99,Credit Card,Amy K.
TXN-00184,23-Mar-2024,S006,P013,5,44.95,0,224.75,Apple Pay,
TXN-00375,03/03/2023,S002,P009,1,74.95,0.2,59.96,Cash,Priya M.
TXN-01190,05/02/2023,S007,P013,2,44.95,0,89.9,Debit Card,James T.
TXN-01104,10-Mar-2023,S005,P019,5,79.95,0,399.75,Credit Card,Tom B.
TXN-00205,2024-08-02,S001,P006,5,79.95,0.15,339.79,APPLE PAY,Carlos R.
TXN-00812,05/07/2024,S004,P006,4,79.95,0.15,271.83,PayPal,Maria S.
TXN-00320,29-Oct-2024,S003,P005,4,34.99,0.05,132.96,Gift Card,Tom B.
TXN-00256,04-Jul-2024,,P007,3,64.95,0,194.85,DEBIT CARD,James T.
TXN-01007,03/21/2024,,P011,4,198.0,0.25,594.0,paypal,Maria S.
TXN-00029,11/19/2024,S003,P003,3,129.0,0.15,328.95,debit card,James T.
TXN-00203,06/22/2024,S006,P002,1,59.95,0,59.95,Credit Card,Lin W.
TXN-00080,04/09/2024,S001,P003,5,129.0,0.05,612.75,Gift Card,Priya M.
TXN-00781,05/25/2024,S004,P005,3,34.99,0,104.97,cash,Carlos R.
TXN-00410,05/03/2023,S005,P014,2,89.95,0.25,134.93,Credit Card,Carlos R.
TXN-00325,04-Jun-2024,S002,P001,3,19.99,0.2,47.98,Gift Card,Carlos R.
TXN-00508,09-Jan-2023,S003,P016,3,49.95,0.15,127.37,cash,Amy K.
TXN-00248,06/30/2024,S002, P012 ,5,119.0,0.25,446.25,apple pay,
TXN-01020,01/22/2024,S003,P020,5,59.95,0,299.75,Apple Pay,Carlos R.
TXN-00797,12-Jun-2023,S006,P003,1,129.0,0,129.0,PAYPAL,James T.
TXN-00384,2024-08-18,S007,P006,3,79.95,0,692.98,Debit Card,Tom B.
TXN-01048,03/04/2023,S007,P013,1,44.95,0.25,33.71,Apple Pay,
TXN-01163,27-Jan-2024,S004, P018 ,3,85.0,0,255.0,Debit Card,David N.
TXN-00941,09/15/2024,S003,P002,4,59.95,0,239.8,Debit Card,Lin W.
TXN-00101,12-Feb-2024,S001,P007,1,64.95,0.15,55.21,PAYPAL,
TXN-00188,11/24/2023,S007,P008,3,89.95,0.05,256.36,Apple Pay,Priya M.
TXN-00814,2024-04-13,S006,P014,1,89.95,0,89.95,Debit Card,James T.
TXN-00962,2024-02-05,S005,P007,4,64.95,0,259.8,DEBIT CARD,David N.
TXN-01138,04-Aug-2024,S008,P017,5,39.95,0.1,179.78,PayPal,
TXN-00717,11/15/2024,S008,P017,2,39.95,0.1,71.91,Cash,Carlos R.
TXN-01039,2023-05-28,S003,P017,2,39.95,NA,59.93,Apple Pay,Priya M.
TXN-00179,18-Oct-2024,S006,P012,3,119.0,0,357.0,debit card,Priya M.
TXN-00875,04-Sep-2023,, P007 ,4,64.95,0.1,233.82,Apple Pay,David N.
TXN-00867,28-Sep-2024,S006,P010,1,69.95,0.15,59.46,Credit Card,Tom B.
TXN-01113,06-Sep-2023,S002,P013,2,44.95,0,89.9,PayPal,David N.
TXN-00265,2024-10-08,S004,P009,1,74.95,0,74.95,PayPal,Maria S.
TXN-00462,04/19/2023,S003,P007,2,64.95,0,129.9,APPLE PAY,Amy K.
TXN-00726,23-May-2024,S005,P018,5,85.0,0.05,403.75,Credit Card,Priya M.
TXN-00455,11/06/2024,S006,P005,1,34.99,N/A,34.99,Apple Pay,Tom B.
TXN-00971,13-Nov-2023,S007,P007,2,64.95,0.15,110.42,cash,James T.
TXN-00745,24-Jan-2024,S004,P010,2,69.95,0,139.9,Credit Card,Amy K.
TXN-00589,12/11/2023,S001,P013,4,44.95,0.1,161.82,Debit Card,Carlos R.
TXN-00003,07/19/2024,S001, P015 ,5,44.95,0,224.75,Credit Card,Priya M.
TXN-00357,09-Nov-2024,S007,P014,5,89.95,0.15,382.29,Debit Card,Carlos R.
TXN-01070,2023-01-07,S008,P015,3,44.95,0.2,107.88,Apple Pay,Lin W.
TXN-00390,18-Jul-2023,S008,P006,4,79.95,N/A,271.83,Gift Card,Lin W.
TXN-01146,10/24/2024,S007,P014,3,89.95,0,269.85,credit card,James T.
TXN-00907,26-Dec-2023,S006,P018,4,85.0,0.2,272.0,PayPal,Carlos R.
TXN-00309,11/30/2024,S004,P011,1,198.0,0.2,158.4,PayPal,Carlos R.
TXN-00347,2024-07-01,S003,P009,1,74.95,0.15,135.12,Apple Pay,Priya M.
TXN-00304,06-Oct-2024,,P016,4,49.95,0.1,179.82,Debit Card,David N.
TXN-00481,24-Nov-2024,S003,P016,2,49.95,0.25,74.93,Cash,James T.
TXN-00437,2023-05-24,S005,P003,4,129.0,0.15,438.6,Gift Card,James T.
TXN-00722,2023-07-23,S002,P002,5,59.95,0.05,284.76,PayPal,David N.
TXN-00765,05-Sep-2024,S001,P014,2,89.95,0.1,161.91,gift card,Amy K.
TXN-00262,2023-04-11,S008,P018,1,85.0,0.1,76.5,Cash,James T.
TXN-00705,09/24/2023,S003,P018,2,85.0,0.2,136.0,PAYPAL,Lin W.
TXN-00505,09-Apr-2023,S001,P018,-1,85.0,0.1,76.5,Gift Card,Priya M.
TXN-00993,2023-05-21,S007,P018,1,85.0,0,85.0,PAYPAL,James T.
TXN-01154,10/09/2024,S006,P016,1,49.95,0,49.95,Credit Card,Maria S.
TXN-01148,28-Aug-2023,S007,P006,4,79.95,0.25,239.85,PayPal,Maria S.
TXN-00851,07/22/2024,S005, P004 ,1,49.95,0.2,39.96,credit card,Carlos R.
TXN-00801,2023-10-05,S004,P007,2,64.95,0.1,116.91,Gift Card,Lin W.
TXN-01062,2024-04-09,S004,P013,3,44.95,0,134.85,Cash,David N.
TXN-00316,05/22/2023,S003,P004,1,49.95,0.25,37.46,Debit Card,David N.
TXN-00719,02-Oct-2023,S008,P020,4,59.95,0.05,227.81,Cash,Maria S.
TXN-00709,11/25/2023,S002,P005,1,34.99,0.15,29.74,Gift Card,
TXN-00775,03/03/2023,S002,P020,5,59.95,NA,299.75,Gift Card,Tom B.
TXN-00406,01/05/2024,S007,P007,4,64.95,0.15,220.83,Apple Pay,Maria S.
TXN-00250,02/01/2024,S007,P008,-5,89.95,0.1,404.78,Gift Card,Maria S.
TXN-00407,17-Jun-2023,S002,P007,4,64.95,0.2,207.84,Cash,Tom B.
TXN-00072,2024-09-02,S004,P019,2,79.95,0.05,151.91,Debit Card,David N.
TXN-00337,2023-05-29,S007,P002,2,59.95,0.15,101.92,DEBIT CARD,Lin W.
TXN-01013,10/08/2024,S005,P003,4,129.0,0,516.0,Cash,Priya M.
TXN-00178,12/13/2024,S003,P019,2,79.95,0.25,119.93,Credit Card,Maria S.
TXN-01194,04-Dec-2024,S002,P017,5,39.95,0,199.75,PayPal,Tom B.
TXN-00816,2024-11-27,S004,P017,2,39.95,0.15,67.92,Credit Card,Lin W.
TXN-00446,2024-05-21,S002,P001,5,19.99,0.2,79.96,Apple Pay,Tom B.
TXN-00253,22-Nov-2023,S005,P016,5,49.95,0.15,212.29,apple pay,James T.
TXN-00465,2024-02-06,S008,P019,2,79.95,0.05,151.91,PAYPAL,Amy K.
TXN-00617,22-Feb-2024,S006,P013,3,44.95,NA,134.85,Cash,
TXN-00055,2024-07-18,S002,P001,5,19.99,0.05,94.95,CASH,Lin W.
TXN-00872,2023-05-23,S008,P011,1,198.0,0,198.0,Apple Pay,Maria S.
TXN-00246,02/12/2024,S006,P017,4,39.95,0.2,127.84,Cash,Carlos R.
TXN-01179,2024-06-17,S003,P001,-2,19.99,,29.98,Cash,David N.
TXN-00949,05-Dec-2023,S001,P018,5,85.0,0,425.0,Gift Card,Lin W.
TXN-00655,01/17/2023,S002,P005,4,34.99,0,139.96,DEBIT CARD,James T.
TXN-00382,04/10/2023,S004,P005,1,34.99,0,34.99,cash,Maria S.
TXN-00634,09/28/2023,S006,P008,5,89.95,0.1,404.78,Apple Pay,
TXN-00135,2024-01-20,S003,P014,3,89.95,0.2,215.88,Gift Card,Tom B.
TXN-00263,2024-08-21,S006,P016,-4,49.95,0.15,169.83,Apple Pay,Amy K.
TXN-00365,07-Oct-2024,S002,P017,5,39.95,0,199.75,Gift Card,Carlos R.
TXN-00991,02-Dec-2023,S003,P016,5,49.95,0,249.75,Credit Card,Lin W.
TXN-00312,25-Aug-2023,S002,P010,1,69.95,0.05,66.45,Credit Card,James T.
TXN-01195,18-May-2023,S007,P009,2,74.95,0.05,142.41,Debit Card,
TXN-00075,03-Sep-2024,S003,P003,2,129.0,0.1,232.2,Gift Card,David N.
TXN-00094,2024-09-11,S005,P013,5,44.95,0.2,179.8,DEBIT CARD,Lin W.
TXN-01064,03-Mar-2023,S008,P013,5,44.95,0,224.75,PAYPAL,Tom B.
TXN-00667,09/03/2024,S007,P014,4,89.95,0,359.8,Cash,Amy K.
TXN-00753,2023-12-19,S003,P018,3,85.0,0,255.0,Debit Card,Tom B.
TXN-00051,2024-09-04,S007,P009,5,74.95,,281.06,Credit Card,Tom B.
TXN-00129,15-Feb-2024,S003,P020,-4,59.95,0.2,191.84,Credit Card,David N.
TXN-01100,2023-04-30,S007,P004,3,49.95,0.15,127.37,Credit Card,Maria S.
TXN-00900,08/29/2023,S001,P016,2,49.95,0,99.9,Credit Card,James T.
TXN-00313,07/17/2024,S006,P015,4,44.95,0,179.8,Debit Card,Lin W.
TXN-00732,2023-05-19,S005, P016 ,4,49.95,0.05,189.81,apple pay,David N.
TXN-00096,2024-01-19,,P017,3,39.95,0.05,113.86,Credit Card,Priya M.
TXN-00127,10-Jul-2023,S003,P014,2,89.95,N/A,179.9,Gift Card,Priya M.
TXN-00571,2023-02-15,,P020,5,59.95,0.05,284.76,APPLE PAY,James T.
TXN-00229,2023-01-05,S007,P014,4,89.95,0.2,748.5,Gift Card,
TXN-00007,13-Jun-2023,S008,P003,1,129.0,0,129.0,APPLE PAY,Lin W.
TXN-00959,09/12/2024,S002,P020,3,59.95,0,179.85,Gift Card,James T.
TXN-00400,30-Aug-2024,S006,P014,5,89.95,0.15,382.29,Gift Card,David N.
TXN-00386,01-May-2023,S005,P012,4,119.0,0,476.0,Debit Card,Carlos R.
TXN-00833,23-Dec-2023,S008,P018,3,85.0,0,255.0,Apple Pay,Carlos R.
TXN-00664,01/09/2023,S002,P014,4,89.95,0.15,305.83,CREDIT CARD,Amy K.
TXN-00820,12/16/2023,S008,P010,1,69.95,0.25,52.46,CREDIT CARD,Lin W.
TXN-00881,01/14/2023,S004,P017,4,39.95,0.05,151.81,Gift Card,Priya M.
TXN-01183,08/18/2024,S004, P003 ,5,129.0,0.2,516.0,PayPal,Lin W.
TXN-00271,10-Aug-2024,S003,P014,1,89.95,0.05,85.45,debit card,Maria S.
TXN-00928,08/20/2024,S002,P007,3,64.95,0.25,146.14,PayPal,Tom B.
TXN-00948,04/16/2024,S006,P001,4,19.99,0.2,63.97,paypal,David N.
TXN-00911,03/30/2023,S006,P016,1,49.95,0.2,39.96,GIFT CARD,Maria S.
TXN-00456,14-Mar-2023,S003,P007,1,64.95,0.1,58.46,Credit Card,David N.
TXN-00303,05-May-2023,S008,P006,2,79.95,0.1,143.91,Credit Card,Priya M.
TXN-00700,08/07/2024,S002, P017 ,1,39.95,0.05,37.95,cash,Carlos R.
TXN-00842,2024-07-21,S008,P018,4,85.0,0.25,255.0,Apple Pay,James T.
TXN-01084,19-Feb-2023,S008,P003,5,129.0,0,645.0,Gift Card,Lin W.
TXN-00052,10/29/2024,S005,P019,1,79.95,0,79.95,PayPal,Tom B.
TXN-00336,12/24/2024,S005,P011,2,198.0,0,396.0,CREDIT CARD,James T.
TXN-00398,2024-04-13,S005,P015,5,44.95,0.15,191.04,Debit Card,James T.
TXN-01019,2024-06-21,,P013,-1,44.95,0.25,33.71,PayPal,Priya M.
TXN-00231,2024-02-18,S003,P011,4,198.0,0.15,673.2,Debit Card,Carlos R.
TXN-00100,29-Jun-2023,S006,P005,1,34.99,0.15,29.74,Apple Pay,David N.
TXN-01021,2023-12-21,S001,P020,2,59.95,0.2,95.92,PAYPAL,David N.
TXN-00547,16-Sep-2023,S002,P017,2,39.95,0.2,63.92,Gift Card,Lin W.
TXN-00532,2024-12-14,S006,P006,2,79.95,0,159.9,Gift Card,Carlos R.
TXN-00944,08/09/2023,S006,P001,3,19.99,0.25,44.98,Credit Card,Carlos R.
TXN-01036,07/16/2023,S004,P017,3,39.95,0.15,101.87,CASH,James T.
TXN-00887,10/21/2024,S004,P005,3,34.99,0,104.97,Apple Pay,Maria S.
TXN-00361,01/27/2024,S004,P014,5,89.95,0.2,359.8,Apple Pay,David N.
TXN-00573,06/07/2023,S002,P009,2,74.95,0.15,127.42,gift card,Lin W.
TXN-00743,12-Oct-2024,S008,P002,3,59.95,0.05,170.86,Debit Card,Priya M.
TXN-00429,07/05/2024,, P010 ,1,69.95,0.15,117.42,Credit Card,Lin W.
TXN-00321,07/15/2023,S002,P004,4,49.95,0.2,159.84,Cash,David N.
TXN-00652,06-May-2023,S006,P005,5,34.99,0.2,139.96,Apple Pay,Tom B.
TXN-00576,04-Dec-2024,S007,P016,5,49.95,0,249.75,Credit Card,Amy K.
TXN-01141,13-Jun-2024,S008, P001 ,4,19.99,0,79.96,Debit Card,Carlos R.
TXN-00190,2023-01-25,S004,P018,-2,85.0,n/a,170.0,Gift Card,Maria S.
TXN-00915,15-Dec-2023,S003,P013,1,44.95,0.1,40.46,Debit Card,Lin W.
TXN-01125,09/06/2023,S004,P007,5,64.95,0,324.75,Debit Card,Priya M.
TXN-00755,15-Dec-2023,S004,P020,2,59.95,0.05,113.91,Cash,David N.
TXN-00163,2023-03-29,S006,P001,4,19.99,0,79.96,Gift Card,Amy K.
TXN-00247,25-Oct-2023,S006,P018,2,85.0,0.05,161.5,PayPal,Carlos R.
TXN-00291,2024-12-08,S008,P010,3,69.95,0,209.85,Credit Card,Priya M.
TXN-00343,04-Jul-2023,S006,P005,5,34.99,0.25,131.21,Gift Card,Tom B.
TXN-00730,2024-03-24,,P006,5,79.95,0,399.75,Debit Card,Lin W.
TXN-01088,2024-08-28,S003, P020 ,3,59.95,0.2,143.88,Credit Card,Lin W.
